TimeStep,Y_i
1,100
2,91
3,98
4,65
5,59
6,93
7,66
8,53
9,22
10,2
11,-1
12,39
13,2
14,19
15,-23
16,-13
17,-23
18,21
19,-13
20,-41
21,-18
22,-56
23,-67
24,-71
25,-29
26,8
27,30
28,29
29,8
30,-38
31,-62
32,-29
33,-19
34,13
35,-28
36,-9
37,-45
38,5
39,4
40,48
41,17
42,-32
43,-32
44,11
45,43
46,44
47,80
48,57
49,11
50,20
51,47
52,-1
53,0
54,-23
55,6
56,-16
57,-64
58,-61
59,-107
60,-92
61,-83
62,-77
63,-110
64,-144
65,-105
66,-138
67,-175
68,-185
69,-187
70,-228
71,-193
72,-204
73,-154
74,-151
75,-110
76,-110
77,-111
78,-75
79,-38
80,-29
81,-35
82,-15
83,31
84,35
85,37
86,2
87,-34
88,-29
89,17
90,-30
91,-19
92,-60
93,-26
94,-23
95,-11
96,28
97,62
98,38
99,50
100,42
101,-7
102,-49
103,-95
104,-81
105,-129
106,-106
107,-155
108,-183
109,-182
110,-141
111,-127
112,-146
113,-116
114,-84
115,-102
116,-119
117,-168
118,-119
119,-159
120,-170
121,-183
122,-208
123,-164
124,-209
125,-224
126,-176
127,-217
128,-224
129,-176
130,-169
131,-187
132,-159
133,-142
134,-122
135,-140
136,-144
137,-129
138,-132
139,-108
140,-155
141,-110
142,-71
143,-96
144,-112
145,-78
146,-53
147,-10
148,3
149,-31
150,5
151,39
152,63
153,80
154,89
155,57
156,64
157,50
158,45
159,35
160,62
161,75
162,100
163,105
164,65
165,54
166,16
167,24
168,48
169,5
170,-11
171,-50
172,-83
173,-78
174,-119
175,-80
176,-63
177,-65
178,-97
179,-110
180,-131
181,-135
182,-161
183,-200
184,-163
185,-136
186,-165
187,-206
188,-159
189,-112
190,-121
191,-129
192,-84
193,-79
194,-51
195,-2
196,18
197,19
198,-10
199,16
200,16
201,9
202,-31
203,-27
204,5
205,11
206,-25
207,-8
208,-17
209,23
210,24
211,7
212,54
213,14
214,23
215,35
216,78
217,92
218,114
219,106
220,94
221,110
222,140
223,174
224,149
225,119
226,124
227,90
228,72
229,117
230,141
231,104
232,68
233,18
234,-9
235,-5
236,-3
237,-53
238,-87
239,-55
240,-27
241,-23
242,0
243,-8
244,34
245,33
246,30
247,50
248,66
249,35
250,17
251,-6
252,-56
253,-93
254,-133
255,-142
256,-181
257,-222
258,-195
259,-190
260,-154
261,-170
262,-142
263,-190
264,-179
265,-130
266,-101
267,-140
268,-184
269,-194
270,-211
271,-227
272,-242
273,-251
274,-291
275,-315
276,-293
277,-250
278,-276
279,-299
280,-297
281,-314
282,-361
283,-319
284,-321
285,-353
286,-328
287,-325
288,-360
289,-344
290,-323
291,-307
292,-311
293,-262
294,-289
295,-333
296,-310
297,-337
298,-298
299,-304
300,-280
301,-315
302,-275
303,-234
304,-249
305,-279
306,-310
307,-281
308,-323
309,-289
310,-292
311,-253
312,-237
313,-208
314,-166
315,-185
316,-215
317,-239
318,-197
319,-166
320,-190
321,-140
322,-116
323,-98
324,-109
325,-61
326,-20
327,-50
328,-78
329,-114
330,-110
331,-80
332,-119
333,-86
334,-112
335,-133
336,-98
337,-142
338,-96
339,-46
340,-78
341,-75
342,-63
343,-22
344,-72
345,-41
346,-51
347,-23
348,-47
349,-78
350,-107
351,-152
352,-159
353,-156
354,-134
355,-111
356,-85
357,-69
358,-43
359,-90
360,-76
361,-108
362,-63
363,-66
364,-102
365,-108
366,-86
367,-61
368,-38
369,-25
370,-12
371,-20
372,-39
373,-14
374,22
375,43
376,59
377,64
378,113
379,106
380,151
381,189
382,216
383,252
384,245
385,224
386,247
387,206
388,204
389,210
390,252
391,250
392,294
393,264
394,285
395,289
396,249
397,244
398,262
399,265
400,297
401,341
402,316
403,301
404,298
405,297
406,307
407,277
408,303
409,341
410,314
411,298
412,338
413,384
414,378
415,344
416,343
417,369
418,418
419,437
420,390
421,400
422,404
423,426
424,427
425,441
426,481
427,483
428,482
429,507
430,495
431,529
432,566
433,519
434,502
435,521
436,557
437,517
438,489
439,444
440,492
441,525
442,563
443,558
444,553
445,577
446,589
447,559
448,575
449,540
450,567
451,565
452,523
453,528
454,555
455,541
456,498
457,527
458,558
459,515
460,518
461,509
462,494
463,523
464,570
465,538
466,488
467,526
468,553
469,559
470,567
471,613
472,608
473,569
474,538
475,488
476,440
477,396
478,357
479,406
480,425
481,421
482,465
483,457
484,419
485,425
486,403
487,428
488,420
489,440
490,427
491,453
492,479
493,458
494,450
495,408
496,418
497,463
498,479
499,521
500,550
501,575
502,553
503,557
504,551
505,572
506,552
507,589
508,555
509,592
510,584
511,610
512,587
513,575
514,567
515,609
516,606
517,623
518,584
519,627
520,610
521,616
522,662
523,664
524,671
525,639
526,619
527,661
528,612
529,578
530,576
531,604
532,607
533,648
534,697
535,727
536,695
537,734
538,708
539,679
540,639
541,650
542,618
543,643
544,682
545,649
546,632
547,591
548,638
549,617
550,629
551,661
552,641
553,630
554,656
555,655
556,683
557,633
558,602
559,555
560,518
561,513
562,494
563,510
564,555
565,549
566,513
567,469
568,493
569,466
570,502
571,533
572,503
573,533
574,562
575,558
576,565
577,609
578,642
579,603
580,629
581,627
582,595
583,560
584,527
585,508
586,489
587,451
588,495
589,516
590,526
591,477
592,456
593,442
594,439
595,470
596,503
597,469
598,505
599,523
600,483
601,504
602,481
603,455
604,406
605,420
606,456
607,497
608,482
609,506
610,470
611,450
612,496
613,462
614,438
615,480
616,512
617,543
618,575
619,593
620,604
621,622
622,617
623,643
624,684
625,726
626,683
627,656
628,665
629,622
630,657
631,631
632,674
633,703
634,726
635,722
636,745
637,723
638,695
639,696
640,699
641,720
642,722
643,688
644,663
645,675
646,702
647,684
648,673
649,629
650,580
651,588
652,624
653,643
654,645
655,684
656,728
657,768
658,786
659,809
660,767
661,769
662,805
663,817
664,832
665,853
666,886
667,935
668,937
669,913
670,951
671,915
672,906
673,935
674,929
675,909
676,903
677,889
678,919
679,954
680,964
681,964
682,1006
683,992
684,997
685,963
686,958
687,914
688,905
689,932
690,894
691,852
692,895
693,894
694,864
695,883
696,883
697,915
698,876
699,898
700,924
701,923
702,973
703,955
704,926
705,953
706,989
707,1025
708,1011
709,1047
710,1010
711,1017
712,979
713,990
714,1036
715,989
716,1024
717,1053
718,1103
719,1145
720,1114
721,1129
722,1110
723,1139
724,1108
725,1092
726,1088
727,1050
728,1028
729,1072
730,1110
731,1137
732,1112
733,1129
734,1139
735,1188
736,1206
737,1234
738,1278
739,1238
740,1222
741,1265
742,1265
743,1292
744,1265
745,1260
746,1231
747,1210
748,1254
749,1269
750,1309
751,1356
752,1361
753,1398
754,1448
755,1452
756,1454
757,1427
758,1410
759,1399
760,1414
761,1385
762,1402
763,1452
764,1440
765,1448
766,1480
767,1509
768,1514
769,1514
770,1542
771,1548
772,1573
773,1612
774,1599
775,1611
776,1567
777,1540
778,1551
779,1504
780,1498
781,1521
782,1529
783,1504
784,1513
785,1481
786,1514
787,1464
788,1488
789,1532
790,1531
791,1537
792,1509
793,1552
794,1507
795,1460
796,1424
797,1421
798,1454
799,1486
800,1511
801,1542
802,1505
803,1495
804,1473
805,1502
806,1498
807,1519
808,1551
809,1592
810,1557
811,1584
812,1632
813,1662
814,1691
815,1730
816,1732
817,1682
818,1661
819,1612
820,1616
821,1646
822,1641
823,1594
824,1567
825,1554
826,1549
827,1557
828,1557
829,1550
830,1523
831,1485
832,1483
833,1438
834,1418
835,1379
836,1356
837,1342
838,1324
839,1274
840,1225
841,1187
842,1140
843,1146
844,1179
845,1166
846,1215
847,1169
848,1145
849,1182
850,1167
851,1170
852,1201
853,1154
854,1168
855,1121
856,1160
857,1189
858,1191
859,1173
860,1161
861,1111
862,1096
863,1091
864,1068
865,1019
866,1042
867,1036
868,990
869,1034
870,987
871,986
872,1002
873,1025
874,1007
875,1031
876,987
877,1006
878,1023
879,1021
880,999
881,999
882,955
883,999
884,998
885,1030
886,1022
887,1033
888,1053
889,1064
890,1075
891,1052
892,1011
893,1051
894,1014
895,1032
896,1031
897,1072
898,1057
899,1030
900,1059
901,1016
902,1038
903,1065
904,1034
905,999
906,986
907,978
908,951
909,956
910,984
911,951
912,927
913,880
914,881
915,837
916,806
917,780
918,809
919,760
920,710
921,712
922,708
923,676
924,661
925,654
926,665
927,618
928,641
929,688
930,723
931,760
932,784
933,756
934,765
935,795
936,758
937,729
938,700
939,668
940,637
941,596
942,630
943,597
944,613
945,607
946,646
947,676
948,674
949,706
950,711
951,733
952,757
953,801
954,795
955,774
956,790
957,792
958,779
959,762
960,759
961,714
962,677
963,637
964,613
965,581
966,557
967,572
968,528
969,522
970,489
971,495
972,487
973,525
974,559
975,532
976,495
977,455
978,496
979,511
980,464
981,485
982,468
983,481
984,496
985,456
986,467
987,420
988,397
989,373
990,371
991,334
992,369
993,332
994,321
995,316
996,327
997,358
998,329
999,326
1000,299
1001,332
1002,357
1003,362
1004,341
1005,303
1006,340
1007,387
1008,425
1009,408
1010,425
1011,409
1012,436
1013,418
1014,426
1015,446
1016,490
1017,446
1018,430
1019,446
1020,441
1021,489
1022,468
1023,439
1024,401
1025,352
1026,397
1027,350
1028,365
1029,385
1030,359
1031,309
1032,350
1033,314
1034,273
1035,225
1036,207
1037,194
1038,186
1039,209
1040,230
1041,269
1042,223
1043,176
1044,162
1045,133
1046,136
1047,102
1048,77
1049,119
1050,119
1051,83
1052,57
1053,61
1054,77
1055,107
1056,102
1057,151
1058,173
1059,137
1060,167
1061,124
1062,101
1063,90
1064,117
1065,155
1066,186
1067,176
1068,188
1069,211
1070,214
1071,240
1072,196
1073,217
1074,212
1075,245
1076,211
1077,225
1078,216
1079,228
1080,207
1081,196
1082,180
1083,210
1084,245
1085,285
1086,273
1087,265
1088,306
1089,349
1090,368
1091,382
1092,418
1093,420
1094,393
1095,425
1096,410
1097,372
1098,371
1099,390
1100,372
1101,357
1102,381
1103,401
1104,385
1105,350
1106,385
1107,401
1108,400
1109,389
1110,342
1111,296
1112,254
1113,241
1114,244
1115,195
1116,157
1117,200
1118,218
1119,177
1120,216
1121,174
1122,133
1123,152
1124,200
1125,187
1126,170
1127,132
1128,123
1129,126
1130,146
1131,165
1132,141
1133,171
1134,186
1135,157
1136,200
1137,229
1138,262
1139,219
1140,189
1141,236
1142,260
1143,229
1144,252
1145,209
1146,198
1147,158
1148,154
1149,113
1150,141
1151,144
1152,111
1153,144
1154,98
1155,84
1156,47
1157,94
1158,66
1159,116
1160,117
1161,126
1162,76
1163,74
1164,63
1165,82
1166,104
1167,107
1168,133
1169,146
1170,98
1171,89
1172,83
1173,102
1174,84
1175,87
1176,55
1177,77
1178,117
1179,82
1180,74
1181,53
1182,68
1183,31
1184,49
1185,9
1186,-20
1187,-10
1188,36
1189,1
1190,-34
1191,-72
1192,-103
1193,-125
1194,-148
1195,-98
1196,-130
1197,-170
1198,-159
1199,-167
1200,-207
1201,-176
1202,-133
1203,-120
1204,-144
1205,-171
1206,-162
1207,-155
1208,-185
1209,-204
1210,-220
1211,-220
1212,-200
1213,-228
1214,-265
1215,-315
1216,-327
1217,-340
1218,-293
1219,-313
1220,-298
1221,-337
1222,-316
1223,-302
1224,-305
1225,-341
1226,-312
1227,-357
1228,-351
1229,-310
1230,-287
1231,-331
1232,-338
1233,-384
1234,-423
1235,-452
1236,-416
1237,-419
1238,-393
1239,-432
1240,-477
1241,-439
1242,-425
1243,-380
1244,-372
1245,-382
1246,-423
1247,-395
1248,-434
1249,-407
1250,-382
1251,-346
1252,-326
1253,-374
1254,-406
1255,-369
1256,-325
1257,-281
1258,-306
1259,-330
1260,-364
1261,-375
1262,-339
1263,-345
1264,-346
1265,-393
1266,-402
1267,-355
1268,-350
1269,-352
1270,-394
1271,-359
1272,-347
1273,-314
1274,-291
1275,-286
1276,-311
1277,-307
1278,-333
1279,-357
1280,-405
1281,-442
1282,-470
1283,-432
1284,-402
1285,-432
1286,-410
1287,-414
1288,-413
1289,-455
1290,-413
1291,-423
1292,-463
1293,-435
1294,-455
1295,-476
1296,-471
1297,-463
1298,-470
1299,-482
1300,-519
1301,-483
1302,-504
1303,-497
1304,-515
1305,-538
1306,-542
1307,-556
1308,-528
1309,-565
1310,-549
1311,-524
1312,-504
1313,-546
1314,-549
1315,-578
1316,-532
1317,-526
1318,-481
1319,-471
1320,-471
1321,-518
1322,-523
1323,-498
1324,-505
1325,-480
1326,-440
1327,-471
1328,-465
1329,-458
1330,-422
1331,-472
1332,-519
1333,-550
1334,-543
1335,-531
1336,-487
1337,-503
1338,-475
1339,-515
1340,-533
1341,-509
1342,-523
1343,-528
1344,-531
1345,-581
1346,-605
1347,-595
1348,-593
1349,-556
1350,-548
1351,-530
1352,-520
1353,-470
1354,-430
1355,-404
1356,-453
1357,-425
1358,-381
1359,-373
1360,-392
1361,-404
1362,-371
1363,-408
1364,-374
1365,-390
1366,-383
1367,-373
1368,-405
1369,-411
1370,-363
1371,-412
1372,-431
1373,-404
1374,-361
1375,-408
1376,-397
1377,-412
1378,-367
1379,-412
1380,-418
1381,-403
1382,-374
1383,-367
1384,-417
1385,-379
1386,-398
1387,-380
1388,-358
1389,-350
1390,-359
1391,-325
1392,-277
1393,-296
1394,-292
1395,-332
1396,-308
1397,-266
1398,-239
1399,-236
1400,-284
1401,-241
1402,-219
1403,-175
1404,-157
1405,-159
1406,-114
1407,-141
1408,-109
1409,-91
1410,-59
1411,-67
1412,-22
1413,14
1414,13
1415,-32
1416,-47
1417,-23
1418,-9
1419,-46
1420,-61
1421,-87
1422,-109
1423,-151
1424,-135
1425,-148
1426,-160
1427,-139
1428,-127
1429,-129
1430,-127
1431,-115
1432,-107
1433,-154
1434,-111
1435,-92
1436,-92
1437,-137
1438,-97
1439,-124
1440,-90
1441,-55
1442,-21
1443,-21
1444,-2
1445,46
1446,89
1447,50
1448,39
1449,72
1450,92
1451,140
1452,108
1453,147
1454,137
1455,166
1456,154
1457,182
1458,135
1459,138
1460,177
1461,130
1462,173
1463,199
1464,228
1465,265
1466,248
1467,217
1468,182
1469,225
1470,190
1471,172
1472,168
1473,184
1474,223
1475,182
1476,147
1477,195
1478,224
1479,239
1480,264
1481,262
1482,212
1483,168
1484,159
1485,119
1486,98
1487,129
1488,88
1489,99
1490,129
1491,140
1492,167
1493,133
1494,87
1495,88
1496,47
1497,7
1498,14
1499,32
1500,73
1501,62
1502,12
1503,39
1504,79
1505,124
1506,84
1507,59
1508,44
1509,-4
1510,-4
1511,-4
1512,-20
1513,-15
1514,-52
1515,-91
1516,-58
1517,-74
1518,-83
1519,-93
1520,-82
1521,-41
1522,-31
1523,-32
1524,-54
1525,-67
1526,-31
1527,-23
1528,3
1529,-32
1530,-10
1531,6
1532,21
1533,56
1534,81
1535,128
1536,98
1537,99
1538,69
1539,89
1540,128
1541,159
1542,152
1543,187
1544,228
1545,273
1546,252
1547,219
1548,257
1549,210
1550,243
1551,194
1552,206
1553,221
1554,227
1555,222
1556,213
1557,213
1558,253
1559,274
1560,241
1561,203
1562,203
1563,226
1564,240
1565,251
1566,241
1567,261
1568,280
1569,241
1570,279
1571,291
1572,303
1573,319
1574,302
1575,299
1576,253
1577,238
1578,221
1579,198
1580,215
1581,226
1582,180
1583,164
1584,176
1585,197
1586,165
1587,141
1588,144
1589,160
1590,163
1591,142
1592,172
1593,171
1594,133
1595,126
1596,106
1597,71
1598,21
1599,-5
1600,-28
1601,8
1602,13
1603,32
1604,-9
1605,27
1606,-10
1607,1
1608,13
1609,-18
1610,29
1611,12
1612,52
1613,33
1614,73
1615,117
1616,160
1617,177
1618,149
1619,175
1620,218
1621,191
1622,173
1623,206
1624,201
1625,170
1626,123
1627,87
1628,133
1629,150
1630,148
1631,137
1632,93
1633,57
1634,73
1635,34
1636,33
1637,25
1638,35
1639,2
1640,23
1641,32
1642,72
1643,55
1644,8
1645,36
1646,40
1647,11
1648,-5
1649,-25
1650,-56
1651,-36
1652,-74
1653,-36
1654,-36
1655,-30
1656,-79
1657,-47
1658,-4
1659,35
1660,76
1661,51
1662,97
1663,51
1664,76
1665,85
1666,76
1667,49
1668,46
1669,0
1670,28
1671,68
1672,58
1673,72
1674,94
1675,120
1676,99
1677,55
1678,105
1679,68
1680,72
1681,61
1682,16
1683,52
1684,31
1685,-15
1686,-48
1687,-22
1688,-61
1689,-56
1690,-76
1691,-43
1692,3
1693,-9
1694,-3
1695,-6
1696,-2
1697,-2
1698,45
1699,77
1700,77
1701,35
1702,53
1703,32
1704,-18
1705,-34
1706,16
1707,-16
1708,-13
1709,33
1710,-15
1711,22
1712,61
1713,71
1714,96
1715,137
1716,147
1717,195
1718,164
1719,114
1720,116
1721,82
1722,72
1723,31
1724,2
1725,-7
1726,-9
1727,-21
1728,-52
1729,-44
1730,-76
1731,-68
1732,-20
1733,-62
1734,-41
1735,8
1736,-31
1737,-51
1738,-40
1739,-85
1740,-40
1741,-79
1742,-49
1743,-35
1744,13
1745,48
1746,65
1747,77
1748,110
1749,88
1750,86
1751,50
1752,79
1753,43
1754,56
1755,26
1756,-23
1757,-45
1758,-71
1759,-95
1760,-129
1761,-161
1762,-132
1763,-176
1764,-218
1765,-263
1766,-304
1767,-271
1768,-261
1769,-257
1770,-243
1771,-272
1772,-237
1773,-283
1774,-244
1775,-214
1776,-249
1777,-297
1778,-269
1779,-296
1780,-336
1781,-341
1782,-339
1783,-300
1784,-307
1785,-354
1786,-307
1787,-330
1788,-316
1789,-362
1790,-412
1791,-370
1792,-320
1793,-290
1794,-299
1795,-290
1796,-292
1797,-321
1798,-363
1799,-313
1800,-323
1801,-331
1802,-359
1803,-323
1804,-332
1805,-333
1806,-331
1807,-307
1808,-296
1809,-315
1810,-362
1811,-398
1812,-429
1813,-447
1814,-441
1815,-426
1816,-473
1817,-511
1818,-538
1819,-513
1820,-522
1821,-535
1822,-501
1823,-454
1824,-474
1825,-459
1826,-450
1827,-402
1828,-405
1829,-395
1830,-348
1831,-372
1832,-334
1833,-335
1834,-374
1835,-335
1836,-325
1837,-347
1838,-380
1839,-334
1840,-369
1841,-400
1842,-411
1843,-438
1844,-411
1845,-378
1846,-409
1847,-368
1848,-364
1849,-321
1850,-362
1851,-379
1852,-403
1853,-384
1854,-415
1855,-428
1856,-435
1857,-400
1858,-396
1859,-364
1860,-382
1861,-402
1862,-407
1863,-391
1864,-347
1865,-331
1866,-380
1867,-359
1868,-342
1869,-348
1870,-337
1871,-344
1872,-374
1873,-339
1874,-361
1875,-313
1876,-318
1877,-305
1878,-339
1879,-380
1880,-429
1881,-477
1882,-455
1883,-443
1884,-464
1885,-436
1886,-414
1887,-420
1888,-397
1889,-415
1890,-462
1891,-472
1892,-464
1893,-437
1894,-425
1895,-442
1896,-482
1897,-458
1898,-449
1899,-488
1900,-440
1901,-405
1902,-362
1903,-407
1904,-367
1905,-387
1906,-352
1907,-393
1908,-352
1909,-332
1910,-335
1911,-334
1912,-297
1913,-248
1914,-283
1915,-288
1916,-273
1917,-294
1918,-293
1919,-296
1920,-291
1921,-262
1922,-304
1923,-282
1924,-253
1925,-239
1926,-229
1927,-193
1928,-162
1929,-180
1930,-150
1931,-119
1932,-115
1933,-140
1934,-141
1935,-170
1936,-166
1937,-124
1938,-161
1939,-200
1940,-160
1941,-172
1942,-204
1943,-235
1944,-274
1945,-245
1946,-239
1947,-253
1948,-253
1949,-299
1950,-296
1951,-339
1952,-289
1953,-255
1954,-290
1955,-247
1956,-197
1957,-149
1958,-161
1959,-202
1960,-174
1961,-205
1962,-216
1963,-169
1964,-217
1965,-187
1966,-144
1967,-154
1968,-179
1969,-210
1970,-249
1971,-250
1972,-213
1973,-202
1974,-225
1975,-261
1976,-258
1977,-217
1978,-231
1979,-212
1980,-175
1981,-144
1982,-104
1983,-62
1984,-77
1985,-56
1986,-81
1987,-122
1988,-161
1989,-164
1990,-191
1991,-162
1992,-193
1993,-171
1994,-148
1995,-132
1996,-130
1997,-171
1998,-216
1999,-263
2000,-221
2001,-248
2002,-289
2003,-316
2004,-327
2005,-376
2006,-342
2007,-324
2008,-360
2009,-361
2010,-320
2011,-348
2012,-376
2013,-375
2014,-348
2015,-376
2016,-343
2017,-303
2018,-350
2019,-365
2020,-335
2021,-380
2022,-342
2023,-386
2024,-399
2025,-358
2026,-318
2027,-338
2028,-382
2029,-397
2030,-392
2031,-356
2032,-358
2033,-355
2034,-381
2035,-425
2036,-422
2037,-421
2038,-397
2039,-394
2040,-367
2041,-317
2042,-360
2043,-362
2044,-367
2045,-333
2046,-379
2047,-387
2048,-366
2049,-318
2050,-346
2051,-349
2052,-320
2053,-289
2054,-339
2055,-328
2056,-364
2057,-387
2058,-379
2059,-402
2060,-366
2061,-359
2062,-311
2063,-314
2064,-289
2065,-255
2066,-284
2067,-250
2068,-298
2069,-250
2070,-214
2071,-227
2072,-182
2073,-136
2074,-174
2075,-203
2076,-236
2077,-275
2078,-268
2079,-301
2080,-277
2081,-276
2082,-320
2083,-306
2084,-304
2085,-351
2086,-314
2087,-301
2088,-305
2089,-308
2090,-277
2091,-244
2092,-231
2093,-276
2094,-307
2095,-294
2096,-301
2097,-319
2098,-274
2099,-259
2100,-259
2101,-237
2102,-235
2103,-228
2104,-256
2105,-290
2106,-279
2107,-309
2108,-334
2109,-375
2110,-403
2111,-420
2112,-415
2113,-391
2114,-403
2115,-428
2116,-380
2117,-381
2118,-361
2119,-343
2120,-321
2121,-371
2122,-356
2123,-338
2124,-373
2125,-362
2126,-374
2127,-343
2128,-319
2129,-343
2130,-327
2131,-297
2132,-347
2133,-395
2134,-384
2135,-400
2136,-395
2137,-375
2138,-331
2139,-298
2140,-269
2141,-239
2142,-195
2143,-210
2144,-246
2145,-231
2146,-223
2147,-238
2148,-188
2149,-174
2150,-128
2151,-144
2152,-114
2153,-150
2154,-112
2155,-148
2156,-172
2157,-215
2158,-232
2159,-206
2160,-177
2161,-188
2162,-141
2163,-141
2164,-150
2165,-195
2166,-164
2167,-161
2168,-163
2169,-131
2170,-105
2171,-75
2172,-111
2173,-145
2174,-191
2175,-144
2176,-147
2177,-191
2178,-200
2179,-155
2180,-161
2181,-155
2182,-129
2183,-98
2184,-130
2185,-134
2186,-158
2187,-177
2188,-216
2189,-266
2190,-301
2191,-272
2192,-305
2193,-304
2194,-316
2195,-325
2196,-339
2197,-370
2198,-419
2199,-461
2200,-459
2201,-469
2202,-480
2203,-487
2204,-459
2205,-438
2206,-475
2207,-464
2208,-443
2209,-446
2210,-407
2211,-392
2212,-360
2213,-373
2214,-382
2215,-391
2216,-413
2217,-416
2218,-453
2219,-447
2220,-479
2221,-431
2222,-390
2223,-349
2224,-337
2225,-359
2226,-309
2227,-272
2228,-303
2229,-253
2230,-283
2231,-239
2232,-259
2233,-269
2234,-293
2235,-271
2236,-321
2237,-318
2238,-330
2239,-378
2240,-394
2241,-432
2242,-442
2243,-422
2244,-464
2245,-447
2246,-477
2247,-458
2248,-466
2249,-513
2250,-485
2251,-523
2252,-557
2253,-527
2254,-546
2255,-586
2256,-589
2257,-637
2258,-593
2259,-578
2260,-555
2261,-519
2262,-511
2263,-526
2264,-561
2265,-525
2266,-554
2267,-505
2268,-526
2269,-526
2270,-509
2271,-515
2272,-467
2273,-491
2274,-482
2275,-481
2276,-481
2277,-501
2278,-497
2279,-544
2280,-531
2281,-506
2282,-525
2283,-526
2284,-478
2285,-496
2286,-545
2287,-556
2288,-533
2289,-510
2290,-479
2291,-477
2292,-499
2293,-496
2294,-476
2295,-497
2296,-535
2297,-488
2298,-462
2299,-432
2300,-416
2301,-413
2302,-392
2303,-432
2304,-436
2305,-485
2306,-437
2307,-424
2308,-378
2309,-409
2310,-443
2311,-420
2312,-426
2313,-382
2314,-333
2315,-375
2316,-330
2317,-320
2318,-320
2319,-304
2320,-307
2321,-318
2322,-342
2323,-361
2324,-386
2325,-341
2326,-321
2327,-295
2328,-291
2329,-241
2330,-247
2331,-279
2332,-236
2333,-264
2334,-312
2335,-307
2336,-312
2337,-329
2338,-279
2339,-318
2340,-311
2341,-283
2342,-269
2343,-248
2344,-229
2345,-275
2346,-248
2347,-257
2348,-283
2349,-293
2350,-278
2351,-289
2352,-262
2353,-226
2354,-244
2355,-204
2356,-183
2357,-216
2358,-179
2359,-216
2360,-208
2361,-242
2362,-230
2363,-269
2364,-315
2365,-337
2366,-372
2367,-384
2368,-431
2369,-396
2370,-386
2371,-370
2372,-410
2373,-454
2374,-454
2375,-450
2376,-454
2377,-421
2378,-471
2379,-484
2380,-477
2381,-431
2382,-481
2383,-515
2384,-498
2385,-518
2386,-535
2387,-520
2388,-474
2389,-484
2390,-521
2391,-545
2392,-569
2393,-537
2394,-570
2395,-561
2396,-532
2397,-564
2398,-559
2399,-577
2400,-603
2401,-641
2402,-608
2403,-612
2404,-658
2405,-648
2406,-623
2407,-673
2408,-669
2409,-624
2410,-651
2411,-679
2412,-723
2413,-700
2414,-651
2415,-613
2416,-600
2417,-603
2418,-582
2419,-536
2420,-517
2421,-545
2422,-537
2423,-577
2424,-528
2425,-488
2426,-446
2427,-429
2428,-421
2429,-452
2430,-494
2431,-522
2432,-548
2433,-509
2434,-559
2435,-594
2436,-567
2437,-560
2438,-558
2439,-608
2440,-560
2441,-567
2442,-587
2443,-607
2444,-596
2445,-569
2446,-581
2447,-602
2448,-571
2449,-564
2450,-517
2451,-494
2452,-512
2453,-533
2454,-539
2455,-577
2456,-623
2457,-629
2458,-608
2459,-653
2460,-643
2461,-655
2462,-632
2463,-678
2464,-686
2465,-695
2466,-704
2467,-686
2468,-714
2469,-680
2470,-721
2471,-703
2472,-699
2473,-659
2474,-643
2475,-616
2476,-624
2477,-599
2478,-640
2479,-688
2480,-688
2481,-709
2482,-746
2483,-719
2484,-723
2485,-736
2486,-772
2487,-796
2488,-840
2489,-847
2490,-867
2491,-879
2492,-891
2493,-905
2494,-935
2495,-934
2496,-885
2497,-894
2498,-874
2499,-841
2500,-842
2501,-806
2502,-796
2503,-802
2504,-759
2505,-783
2506,-828
2507,-865
2508,-895
2509,-854
2510,-867
2511,-849
2512,-817
2513,-823
2514,-819
2515,-818
2516,-858
2517,-908
2518,-913
2519,-923
2520,-886
2521,-917
2522,-938
2523,-928
2524,-953
2525,-920
2526,-938
2527,-962
2528,-916
2529,-897
2530,-877
2531,-891
2532,-876
2533,-866
2534,-851
2535,-899
2536,-913
2537,-931
2538,-903
2539,-937
2540,-967
2541,-987
2542,-1015
2543,-992
2544,-960
2545,-955
2546,-920
2547,-906
2548,-935
2549,-972
2550,-948
2551,-911
2552,-923
2553,-921
2554,-889
2555,-916
2556,-909
2557,-861
2558,-820
2559,-775
2560,-811
2561,-849
2562,-890
2563,-906
2564,-943
2565,-977
2566,-1024
2567,-1026
2568,-1039
2569,-1032
2570,-1065
2571,-1030
2572,-1045
2573,-1004
2574,-965
2575,-916
2576,-961
2577,-965
2578,-998
2579,-1032
2580,-1070
2581,-1065
2582,-1069
2583,-1044
2584,-1075
2585,-1101
2586,-1060
2587,-1076
2588,-1035
2589,-1029
2590,-997
2591,-974
2592,-925
2593,-955
2594,-971
2595,-976
2596,-974
2597,-1023
2598,-1014
2599,-1018
2600,-1068
2601,-1065
2602,-1086
2603,-1047
2604,-1080
2605,-1118
2606,-1079
2607,-1031
2608,-984
2609,-1025
2610,-1039
2611,-1007
2612,-961
2613,-1000
2614,-951
2615,-933
2616,-934
2617,-980
2618,-1018
2619,-996
2620,-997
2621,-978
2622,-1026
2623,-1049
2624,-1041
2625,-1055
2626,-1010
2627,-1037
2628,-1082
2629,-1037
2630,-1010
2631,-1026
2632,-1018
2633,-972
2634,-1001
2635,-985
2636,-1007
2637,-1005
2638,-957
2639,-1003
2640,-986
2641,-972
2642,-924
2643,-915
2644,-939
2645,-930
2646,-947
2647,-973
2648,-988
2649,-990
2650,-968
2651,-949
2652,-920
2653,-946
2654,-904
2655,-939
2656,-984
2657,-939
2658,-938
2659,-977
2660,-1000
2661,-1004
2662,-978
2663,-1001
2664,-1020
2665,-976
2666,-984
2667,-990
2668,-987
2669,-1027
2670,-1074
2671,-1033
2672,-1057
2673,-1011
2674,-1020
2675,-971
2676,-984
2677,-1028
2678,-1043
2679,-1040
2680,-1031
2681,-1081
2682,-1043
2683,-1011
2684,-964
2685,-970
2686,-1006
2687,-1037
2688,-994
2689,-1029
2690,-997
2691,-951
2692,-934
2693,-948
2694,-913
2695,-918
2696,-958
2697,-972
2698,-932
2699,-892
2700,-881
2701,-897
2702,-857
2703,-818
2704,-807
2705,-759
2706,-749
2707,-711
2708,-727
2709,-761
2710,-763
2711,-811
2712,-775
2713,-792
2714,-786
2715,-748
2716,-727
2717,-737
2718,-779
2719,-804
2720,-765
2721,-787
2722,-790
2723,-749
2724,-753
2725,-729
2726,-731
2727,-763
2728,-743
2729,-713
2730,-674
2731,-724
2732,-752
2733,-751
2734,-775
2735,-725
2736,-712
2737,-671
2738,-696
2739,-698
2740,-740
2741,-738
2742,-738
2743,-692
2744,-733
2745,-686
2746,-692
2747,-711
2748,-666
2749,-678
2750,-689
2751,-733
2752,-772
2753,-786
2754,-743
2755,-786
2756,-762
2757,-734
2758,-757
2759,-779
2760,-763
2761,-774
2762,-747
2763,-779
2764,-792
2765,-823
2766,-806
2767,-847
2768,-822
2769,-773
2770,-750
2771,-717
2772,-698
2773,-652
2774,-630
2775,-665
2776,-677
2777,-691
2778,-737
2779,-779
2780,-753
2781,-720
2782,-759
2783,-729
2784,-702
2785,-751
2786,-783
2787,-783
2788,-783
2789,-765
2790,-786
2791,-827
2792,-847
2793,-821
2794,-773
2795,-805
2796,-780
2797,-774
2798,-756
2799,-766
2800,-768
2801,-733
2802,-732
2803,-735
2804,-710
2805,-660
2806,-660
2807,-665
2808,-698
2809,-688
2810,-736
2811,-783
2812,-777
2813,-797
2814,-846
2815,-814
2816,-862
2817,-871
2818,-838
2819,-859
2820,-847
2821,-841
2822,-872
2823,-885
2824,-918
2825,-886
2826,-883
2827,-848
2828,-849
2829,-845
2830,-836
2831,-852
2832,-900
2833,-906
2834,-898
2835,-930
2836,-931
2837,-898
2838,-897
2839,-939
2840,-989
2841,-959
2842,-998
2843,-1001
2844,-1003
2845,-993
2846,-1013
2847,-983
2848,-955
2849,-941
2850,-929
2851,-975
2852,-945
2853,-968
2854,-964
2855,-956
2856,-907
2857,-890
2858,-867
2859,-898
2860,-876
2861,-857
2862,-852
2863,-873
2864,-901
2865,-864
2866,-864
2867,-866
2868,-861
2869,-837
2870,-800
2871,-819
2872,-838
2873,-805
2874,-782
2875,-783
2876,-768
2877,-749
2878,-762
2879,-767
2880,-766
2881,-781
2882,-819
2883,-770
2884,-728
2885,-746
2886,-708
2887,-752
2888,-732
2889,-733
2890,-720
2891,-687
2892,-648
2893,-694
2894,-726
2895,-775
2896,-737
2897,-778
2898,-747
2899,-722
2900,-731
2901,-752
2902,-769
2903,-768
2904,-727
2905,-687
2906,-648
2907,-673
2908,-707
2909,-737
2910,-749
2911,-709
2912,-662
2913,-685
2914,-681
2915,-727
2916,-743
2917,-742
2918,-759
2919,-715
2920,-698
2921,-676
2922,-702
2923,-689
2924,-670
2925,-691
2926,-723
2927,-732
2928,-734
2929,-687
2930,-679
2931,-631
2932,-647
2933,-649
2934,-615
2935,-623
2936,-631
2937,-616
2938,-603
2939,-568
2940,-616
2941,-621
2942,-618
2943,-583
2944,-582
2945,-569
2946,-556
2947,-587
2948,-543
2949,-585
2950,-574
2951,-531
2952,-567
2953,-571
2954,-571
2955,-549
2956,-507
2957,-469
2958,-450
2959,-422
2960,-408
2961,-407
2962,-455
2963,-409
2964,-383
2965,-406
2966,-371
2967,-410
2968,-418
2969,-399
2970,-362
2971,-320
2972,-308
2973,-335
2974,-285
2975,-272
2976,-223
2977,-265
2978,-283
2979,-262
2980,-232
2981,-204
2982,-205
2983,-184
2984,-209
2985,-161
2986,-128
2987,-173
2988,-191
2989,-232
2990,-264
2991,-236
2992,-193
2993,-230
2994,-263
2995,-255
2996,-293
2997,-321
2998,-312
2999,-362
3000,-398
3001,-371
3002,-353
3003,-306
3004,-285
3005,-276
3006,-278
3007,-236
3008,-233
3009,-259
3010,-229
3011,-190
3012,-214
3013,-179
3014,-139
3015,-92
3016,-88
3017,-47
3018,-83
3019,-53
3020,-100
3021,-52
3022,-67
3023,-100
3024,-95
3025,-106
3026,-88
3027,-100
3028,-69
3029,-42
3030,-79
3031,-107
3032,-115
3033,-105
3034,-109
3035,-131
3036,-174
3037,-160
3038,-159
3039,-207
3040,-213
3041,-259
3042,-222
3043,-254
3044,-251
3045,-218
3046,-237
3047,-206
3048,-181
3049,-193
3050,-210
3051,-255
3052,-225
3053,-201
3054,-169
3055,-210
3056,-215
3057,-248
3058,-256
3059,-237
3060,-237
3061,-216
3062,-211
3063,-189
3064,-180
3065,-134
3066,-158
3067,-185
3068,-219
3069,-210
3070,-182
3071,-187
3072,-235
3073,-186
3074,-235
3075,-196
3076,-233
3077,-185
3078,-220
3079,-228
3080,-222
3081,-214
3082,-164
3083,-207
3084,-243
3085,-194
3086,-190
3087,-146
3088,-129
3089,-102
3090,-85
3091,-135
3092,-173
3093,-149
3094,-130
3095,-174
3096,-193
3097,-222
3098,-197
3099,-170
3100,-175
3101,-198
3102,-204
3103,-154
3104,-164
3105,-122
3106,-84
3107,-88
3108,-133
3109,-147
3110,-196
3111,-197
3112,-172
3113,-148
3114,-136
3115,-169
3116,-218
3117,-261
3118,-285
3119,-248
3120,-216
3121,-226
3122,-182
3123,-223
3124,-244
3125,-281
3126,-241
3127,-250
3128,-249
3129,-199
3130,-228
3131,-212
3132,-214
3133,-227
3134,-196
3135,-209
3136,-227
3137,-240
3138,-227
3139,-252
3140,-211
3141,-251
3142,-264
3143,-292
3144,-273
3145,-277
3146,-287
3147,-280
3148,-295
3149,-280
3150,-310
3151,-269
3152,-318
3153,-354
3154,-330
3155,-292
3156,-286
3157,-304
3158,-282
3159,-273
3160,-271
3161,-294
3162,-297
3163,-347
3164,-360
3165,-352
3166,-379
3167,-357
3168,-355
3169,-373
3170,-329
3171,-347
3172,-397
3173,-407
3174,-436
3175,-486
3176,-465
3177,-476
3178,-494
3179,-469
3180,-439
3181,-432
3182,-396
3183,-413
3184,-398
3185,-390
3186,-343
3187,-356
3188,-394
3189,-372
3190,-352
3191,-382
3192,-363
3193,-347
3194,-338
3195,-371
3196,-388
3197,-397
3198,-416
3199,-407
3200,-372
3201,-364
3202,-379
3203,-338
3204,-381
3205,-341
3206,-337
3207,-292
3208,-283
3209,-252
3210,-226
3211,-209
3212,-175
3213,-209
3214,-259
3215,-284
3216,-260
3217,-240
3218,-241
3219,-271
3220,-271
3221,-253
3222,-237
3223,-274
3224,-231
3225,-191
3226,-152
3227,-117
3228,-108
3229,-120
3230,-70
3231,-30
3232,-33
3233,-45
3234,-11
3235,-26
3236,-20
3237,-58
3238,-82
3239,-36
3240,-33
3241,9
3242,-19
3243,-35
3244,-73
3245,-60
3246,-74
3247,-26
3248,-12
3249,26
3250,57
3251,40
3252,45
3253,86
3254,93
3255,134
3256,153
3257,182
3258,168
3259,197
3260,154
3261,117
3262,120
3263,96
3264,52
3265,63
3266,51
3267,96
3268,69
3269,55
3270,20
3271,-19
3272,-30
3273,-13
3274,-50
3275,-43
3276,-41
3277,-2
3278,-2
3279,-51
3280,-4
3281,-7
3282,7
3283,46
3284,11
3285,-33
3286,11
3287,-27
3288,21
3289,45
3290,46
3291,84
3292,113
3293,79
3294,71
3295,71
3296,110
3297,77
3298,100
3299,71
3300,33
3301,70
3302,98
3303,85
3304,109
3305,146
3306,195
3307,163
3308,165
3309,212
3310,250
3311,279
3312,315
3313,335
3314,303
3315,256
3316,254
3317,233
3318,246
3319,206
3320,195
3321,233
3322,281
3323,242
3324,223
3325,178
3326,141
3327,158
3328,155
3329,142
3330,120
3331,117
3332,70
3333,69
3334,110
3335,137
3336,172
3337,166
3338,128
3339,169
3340,217
3341,237
3342,263
3343,215
3344,208
3345,217
3346,245
3347,241
3348,204
3349,177
3350,225
3351,229
3352,257
3353,274
3354,292
3355,322
3356,355
3357,309
3358,315
3359,362
3360,345
3361,329
3362,286
3363,258
3364,291
3365,287
3366,260
3367,303
3368,300
3369,278
3370,235
3371,225
3372,269
3373,314
3374,269
3375,239
3376,199
3377,210
3378,211
3379,241
3380,219
3381,257
3382,285
3383,313
3384,346
3385,353
3386,375
3387,346
3388,353
3389,358
3390,315
3391,346
3392,361
3393,392
3394,442
3395,395
3396,379
3397,405
3398,428
3399,387
3400,420
3401,408
3402,421
3403,386
3404,370
3405,341
3406,369
3407,332
3408,339
3409,349
3410,391
3411,435
3412,401
3413,443
3414,444
3415,464
3416,459
3417,435
3418,440
3419,470
3420,489
3421,443
3422,469
3423,448
3424,406
3425,367
3426,355
3427,397
3428,348
3429,383
3430,341
3431,292
3432,266
3433,272
3434,293
3435,260
3436,243
3437,217
3438,173
3439,139
3440,151
3441,171
3442,139
3443,101
3444,100
3445,132
3446,132
3447,125
3448,169
3449,139
3450,153
3451,132
3452,93
3453,124
3454,101
3455,94
3456,125
3457,147
3458,155
3459,116
3460,160
3461,207
3462,178
3463,149
3464,128
3465,105
3466,74
3467,38
3468,25
3469,24
3470,38
3471,-12
3472,-18
3473,14
3474,14
3475,-8
3476,-11
3477,-13
3478,8
3479,52
3480,37
3481,50
3482,10
3483,-37
3484,-41
3485,-75
3486,-44
3487,-9
3488,-8
3489,32
3490,45
3491,15
3492,24
3493,34
3494,8
3495,-3
3496,-17
3497,-37
3498,-31
3499,10
3500,42
3501,-2
3502,-2
3503,19
3504,68
3505,64
3506,77
3507,62
3508,61
3509,51
3510,58
3511,55
3512,27
3513,33
3514,83
3515,93
3516,66
3517,21
3518,7
3519,2
3520,46
3521,61
3522,16
3523,-8
3524,29
3525,31
3526,10
3527,-25
3528,-17
3529,-2
3530,0
3531,-17
3532,-45
3533,-66
3534,-56
3535,-68
3536,-47
3537,-52
3538,-90
3539,-70
3540,-69
3541,-115
3542,-153
3543,-120
3544,-119
3545,-168
3546,-160
3547,-192
3548,-242
3549,-288
3550,-300
3551,-330
3552,-280
3553,-252
3554,-234
3555,-199
3556,-234
3557,-265
3558,-286
3559,-250
3560,-283
3561,-264
3562,-292
3563,-304
3564,-324
3565,-280
3566,-259
3567,-275
3568,-268
3569,-225
3570,-244
3571,-242
3572,-282
3573,-283
3574,-268
3575,-298
3576,-310
3577,-326
3578,-337
3579,-346
3580,-340
3581,-341
3582,-303
3583,-264
3584,-260
3585,-215
3586,-181
3587,-189
3588,-221
3589,-175
3590,-200
3591,-169
3592,-187
3593,-212
3594,-187
3595,-172
3596,-192
3597,-145
3598,-181
3599,-162
3600,-206
3601,-218
3602,-189
3603,-169
3604,-211
3605,-247
3606,-219
3607,-211
3608,-261
3609,-234
3610,-279
3611,-293
3612,-313
3613,-309
3614,-340
3615,-322
3616,-311
3617,-359
3618,-313
3619,-344
3620,-302
3621,-344
3622,-369
3623,-376
3624,-338
3625,-303
3626,-308
3627,-349
3628,-340
3629,-348
3630,-392
3631,-419
3632,-434
3633,-398
3634,-392
3635,-365
3636,-394
3637,-425
3638,-432
3639,-408
3640,-438
3641,-487
3642,-451
3643,-482
3644,-512
3645,-503
3646,-522
3647,-484
3648,-461
3649,-496
3650,-495
3651,-542
3652,-509
3653,-504
3654,-456
3655,-453
3656,-423
3657,-408
3658,-388
3659,-390
3660,-391
3661,-351
3662,-374
3663,-367
3664,-347
3665,-331
3666,-283
3667,-287
3668,-263
3669,-273
3670,-318
3671,-298
3672,-328
3673,-366
3674,-375
3675,-419
3676,-371
3677,-382
3678,-401
3679,-437
3680,-390
3681,-389
3682,-410
3683,-394
3684,-364
3685,-408
3686,-365
3687,-359
3688,-343
3689,-296
3690,-323
3691,-373
3692,-419
3693,-457
3694,-440
3695,-419
3696,-434
3697,-398
3698,-419
3699,-421
3700,-384
3701,-395
3702,-419
3703,-390
3704,-406
3705,-428
3706,-386
3707,-361
3708,-377
3709,-415
3710,-463
3711,-479
3712,-491
3713,-472
3714,-428
3715,-464
3716,-497
3717,-530
3718,-564
3719,-550
3720,-574
3721,-565
3722,-538
3723,-505
3724,-546
3725,-554
3726,-593
3727,-548
3728,-592
3729,-630
3730,-618
3731,-633
3732,-613
3733,-601
3734,-602
3735,-567
3736,-536
3737,-563
3738,-590
3739,-627
3740,-605
3741,-614
3742,-570
3743,-543
3744,-495
3745,-535
3746,-583
3747,-580
3748,-590
3749,-610
3750,-627
3751,-676
3752,-672
3753,-704
3754,-735
3755,-740
3756,-735
3757,-709
3758,-686
3759,-677
3760,-717
3761,-718
3762,-686
3763,-730
3764,-768
3765,-799
3766,-839
3767,-825
3768,-794
3769,-806
3770,-831
3771,-816
3772,-774
3773,-776
3774,-746
3775,-726
3776,-770
3777,-741
3778,-695
3779,-693
3780,-671
3781,-660
3782,-684
3783,-653
3784,-686
3785,-682
3786,-655
3787,-618
3788,-649
3789,-641
3790,-627
3791,-669
3792,-670
3793,-673
3794,-701
3795,-674
3796,-707
3797,-707
3798,-732
3799,-692
3800,-659
3801,-614
3802,-611
3803,-646
3804,-611
3805,-658
3806,-667
3807,-654
3808,-696
3809,-716
3810,-668
3811,-649
3812,-695
3813,-698
3814,-718
3815,-702
3816,-734
3817,-737
3818,-723
3819,-759
3820,-714
3821,-700
3822,-674
3823,-639
3824,-645
3825,-600
3826,-620
3827,-621
3828,-614
3829,-612
3830,-643
3831,-645
3832,-653
3833,-665
3834,-634
3835,-620
3836,-584
3837,-564
3838,-516
3839,-517
3840,-538
3841,-548
3842,-519
3843,-498
3844,-536
3845,-582
3846,-546
3847,-518
3848,-510
3849,-530
3850,-524
3851,-564
3852,-556
3853,-590
3854,-622
3855,-590
3856,-561
3857,-592
3858,-591
3859,-575
3860,-590
3861,-609
3862,-566
3863,-582
3864,-532
3865,-485
3866,-436
3867,-435
3868,-441
3869,-406
3870,-447
3871,-491
3872,-513
3873,-561
3874,-585
3875,-558
3876,-555
3877,-506
3878,-457
3879,-505
3880,-504
3881,-457
3882,-465
3883,-455
3884,-425
3885,-388
3886,-346
3887,-337
3888,-370
3889,-367
3890,-394
3891,-444
3892,-458
3893,-413
3894,-461
3895,-422
3896,-456
3897,-475
3898,-472
3899,-443
3900,-490
3901,-489
3902,-481
3903,-521
3904,-513
3905,-527
3906,-576
3907,-601
3908,-617
3909,-663
3910,-617
3911,-630
3912,-613
3913,-645
3914,-657
3915,-664
3916,-672
3917,-634
3918,-669
3919,-629
3920,-662
3921,-627
3922,-601
3923,-583
3924,-614
3925,-603
3926,-611
3927,-577
3928,-564
3929,-603
3930,-604
3931,-573
3932,-602
3933,-630
3934,-633
3935,-673
3936,-715
3937,-764
3938,-721
3939,-696
3940,-730
3941,-734
3942,-748
3943,-743
3944,-774
3945,-761
3946,-734
3947,-761
3948,-785
3949,-820
3950,-791
3951,-806
3952,-800
3953,-772
3954,-750
3955,-757
3956,-734
3957,-776
3958,-756
3959,-771
3960,-782
3961,-739
3962,-708
3963,-700
3964,-661
3965,-669
3966,-675
3967,-678
3968,-665
3969,-666
3970,-679
3971,-675
3972,-664
3973,-635
3974,-664
3975,-712
3976,-720
3977,-741
3978,-695
3979,-673
3980,-627
3981,-644
3982,-689
3983,-644
3984,-609
3985,-633
3986,-610
3987,-606
3988,-569
3989,-606
3990,-604
3991,-572
3992,-619
3993,-587
3994,-551
3995,-547
3996,-519
3997,-524
3998,-513
3999,-483
4000,-473
4001,-521
4002,-509
4003,-461
4004,-504
4005,-459
4006,-492
4007,-466
4008,-494
4009,-491
4010,-488
4011,-466
4012,-501
4013,-521
4014,-537
4015,-499
4016,-460
4017,-460
4018,-495
4019,-456
4020,-476
4021,-518
4022,-557
4023,-515
4024,-482
4025,-449
4026,-413
4027,-390
4028,-369
4029,-331
4030,-323
4031,-363
4032,-363
4033,-406
4034,-403
4035,-420
4036,-404
4037,-363
4038,-412
4039,-444
4040,-396
4041,-410
4042,-412
4043,-395
4044,-390
4045,-411
4046,-379
4047,-355
4048,-341
4049,-323
4050,-346
4051,-340
4052,-308
4053,-338
4054,-376
4055,-382
4056,-432
4057,-456
4058,-479
4059,-437
4060,-428
4061,-424
4062,-473
4063,-446
4064,-429
4065,-443
4066,-438
4067,-400
4068,-400
4069,-427
4070,-460
4071,-442
4072,-396
4073,-400
4074,-379
4075,-340
4076,-336
4077,-378
4078,-336
4079,-310
4080,-276
4081,-300
4082,-343
4083,-306
4084,-297
4085,-294
4086,-283
4087,-282
4088,-305
4089,-293
4090,-341
4091,-345
4092,-301
4093,-265
4094,-279
4095,-254
4096,-246
4097,-238
4098,-204
4099,-236
4100,-186
4101,-212
4102,-254
4103,-233
4104,-256
4105,-249
4106,-239
4107,-198
4108,-198
4109,-168
4110,-128
4111,-165
4112,-159
4113,-161
4114,-144
4115,-129
4116,-109
4117,-114
4118,-92
4119,-79
4120,-52
4121,-71
4122,-54
4123,-31
4124,16
4125,60
4126,67
4127,64
4128,22
4129,69
4130,72
4131,114
4132,144
4133,98
4134,112
4135,126
4136,81
4137,49
4138,16
4139,-2
4140,-40
4141,-27
4142,10
4143,-20
4144,-23
4145,0
4146,5
4147,-23
4148,-61
4149,-14
4150,0
4151,48
4152,-2
4153,32
4154,27
4155,61
4156,103
4157,66
4158,22
4159,-18
4160,-39
4161,-12
4162,-33
4163,-69
4164,-61
4165,-37
4166,-18
4167,15
4168,-33
4169,-37
4170,-20
4171,-41
4172,-30
4173,-30
4174,-44
4175,-17
4176,-38
4177,-5
4178,-2
4179,32
4180,14
4181,44
4182,1
4183,32
4184,4
4185,31
4186,81
4187,82
4188,114
4189,131
4190,153
4191,158
4192,206
4193,223
4194,217
4195,172
4196,141
4197,188
4198,155
4199,114
4200,80
4201,118
4202,151
4203,119
4204,145
4205,132
4206,132
4207,134
4208,166
4209,124
4210,158
4211,117
4212,82
4213,93
4214,66
4215,56
4216,64
4217,86
4218,82
4219,115
4220,112
4221,119
4222,77
4223,32
4224,81
4225,31
4226,69
4227,85
4228,43
4229,89
4230,63
4231,52
4232,102
4233,92
4234,83
4235,90
4236,69
4237,95
4238,116
4239,93
4240,114
4241,156
4242,131
4243,141
4244,134
4245,104
4246,60
4247,12
4248,-22
4249,-62
4250,-32
4251,18
4252,46
4253,6
4254,2
4255,35
4256,60
4257,107
4258,93
4259,62
4260,104
4261,149
4262,101
4263,137
4264,95
4265,110
4266,117
4267,98
4268,127
4269,174
4270,143
4271,187
4272,186
4273,160
4274,149
4275,179
4276,195
4277,223
4278,256
4279,222
4280,248
4281,280
4282,304
4283,334
4284,321
4285,285
4286,285
4287,239
4288,237
4289,235
4290,197
4291,204
4292,240
4293,192
4294,161
4295,160
4296,177
4297,155
4298,192
4299,227
4300,239
4301,268
4302,289
4303,252
4304,262
4305,309
4306,332
4307,360
4308,409
4309,457
4310,413
4311,421
4312,438
4313,405
4314,443
4315,411
4316,437
4317,439
4318,419
4319,416
4320,383
4321,381
4322,341
4323,319
4324,363
4325,412
4326,373
4327,411
4328,394
4329,392
4330,350
4331,364
4332,380
4333,409
4334,416
4335,394
4336,427
4337,395
4338,432
4339,412
4340,457
4341,469
4342,480
4343,441
4344,432
4345,425
4346,470
4347,428
4348,431
4349,421
4350,376
4351,421
4352,374
4353,389
4354,371
4355,361
4356,364
4357,362
4358,325
4359,326
4360,290
4361,265
4362,229
4363,185
4364,215
4365,175
4366,137
4367,118
4368,162
4369,179
4370,135
4371,166
4372,156
4373,106
4374,63
4375,24
4376,-1
4377,23
4378,25
4379,61
4380,71
4381,50
4382,33
4383,32
4384,39
4385,3
4386,30
4387,-12
4388,-30
4389,-39
4390,-34
4391,-48
4392,-62
4393,-47
4394,-60
4395,-101
4396,-87
4397,-44
4398,-2
4399,-1
4400,31
4401,41
4402,2
4403,-34
4404,-10
4405,11
4406,54
4407,44
4408,3
4409,-34
4410,-53
4411,-64
4412,-46
4413,-47
4414,-46
4415,-58
4416,-38
4417,-45
4418,-10
4419,38
4420,30
4421,64
4422,101
4423,56
4424,55
4425,63
4426,100
4427,100
4428,138
4429,186
4430,196
4431,206
4432,184
4433,208
4434,242
4435,211
4436,258
4437,272
4438,299
4439,294
4440,324
4441,371
4442,398
4443,411
4444,386
4445,367
4446,378
4447,409
4448,382
4449,402
4450,395
4451,438
4452,437
4453,412
4454,452
4455,420
4456,386
4457,353
4458,303
4459,351
4460,341
4461,303
4462,302
4463,277
4464,234
4465,229
4466,266
4467,294
4468,325
4469,372
4470,356
4471,378
4472,411
4473,384
4474,371
4475,376
4476,355
4477,400
4478,429
4479,454
4480,409
4481,423
4482,394
4483,385
4484,368
4485,367
4486,334
4487,325
4488,335
4489,307
4490,351
4491,394
4492,444
4493,456
4494,430
4495,410
4496,400
4497,404
4498,407
4499,370
4500,350
4501,353
4502,340
4503,386
4504,355
4505,355
4506,372
4507,368
4508,387
4509,362
4510,374
4511,361
4512,355
4513,307
4514,305
4515,310
4516,326
4517,346
4518,300
4519,307
4520,315
4521,323
4522,347
4523,344
4524,388
4525,383
4526,377
4527,356
4528,374
4529,422
4530,464
4531,425
4532,449
4533,433
4534,483
4535,471
4536,472
4537,492
4538,473
4539,492
4540,500
4541,537
4542,491
4543,465
4544,488
4545,538
4546,551
4547,524
4548,540
4549,491
4550,528
4551,577
4552,527
4553,560
4554,570
4555,534
4556,505
4557,531
4558,569
4559,537
4560,550
4561,582
4562,563
4563,586
4564,600
4565,581
4566,593
4567,610
4568,601
4569,561
4570,550
4571,593
4572,632
4573,661
4574,706
4575,681
4576,702
4577,680
4578,668
4579,681
4580,676
4581,689
4582,738
4583,754
4584,802
4585,825
4586,784
4587,739
4588,741
4589,783
4590,799
4591,835
4592,882
4593,870
4594,827
4595,799
4596,763
4597,714
4598,739
4599,713
4600,726
4601,687
4602,719
4603,757
4604,723
4605,727
4606,763
4607,714
4608,703
4609,667
4610,631
4611,654
4612,660
4613,642
4614,637
4615,669
4616,646
4617,610
4618,646
4619,622
4620,584
4621,630
4622,669
4623,673
4624,623
4625,587
4626,633
4627,586
4628,614
4629,587
4630,581
4631,597
4632,613
4633,605
4634,576
4635,598
4636,644
4637,618
4638,653
4639,615
4640,646
4641,597
4642,637
4643,642
4644,687
4645,731
4646,719
4647,706
4648,700
4649,734
4650,697
4651,745
4652,749
4653,758
4654,767
4655,775
4656,785
4657,797
4658,802
4659,839
4660,872
4661,913
4662,924
4663,903
4664,863
4665,905
4666,936
4667,886
4668,907
4669,944
4670,984
4671,944
4672,901
4673,878
4674,855
4675,899
4676,925
4677,956
4678,941
4679,981
4680,979
4681,972
4682,932
4683,906
4684,862
4685,831
4686,836
4687,843
4688,884
4689,904
4690,864
4691,857
4692,849
4693,828
4694,819
4695,796
4696,830
4697,870
4698,870
4699,894
4700,903
4701,932
4702,910
4703,861
4704,886
4705,852
4706,876
4707,860
4708,868
4709,851
4710,845
4711,830
4712,868
4713,904
4714,945
4715,991
4716,996
4717,979
4718,980
4719,960
4720,953
4721,945
4722,986
4723,942
4724,930
4725,909
4726,918
4727,895
4728,942
4729,951
4730,984
4731,983
4732,935
4733,982
4734,972
4735,1006
4736,958
4737,915
4738,946
4739,944
4740,911
4741,913
4742,957
4743,925
4744,960
4745,1008
4746,1049
4747,1077
4748,1030
4749,1031
4750,993
4751,1001
4752,1043
4753,1003
4754,1042
4755,1001
4756,1031
4757,1023
4758,1000
4759,1010
4760,972
4761,984
4762,958
4763,961
4764,1005
4765,1033
4766,991
4767,1013
4768,971
4769,932
4770,924
4771,949
4772,992
4773,1020
4774,1052
4775,1088
4776,1071
4777,1043
4778,1087
4779,1106
4780,1107
4781,1136
4782,1128
4783,1144
4784,1180
4785,1206
4786,1234
4787,1270
4788,1289
4789,1249
4790,1281
4791,1280
4792,1302
4793,1341
4794,1367
4795,1353
4796,1348
4797,1345
4798,1376
4799,1412
4800,1415
4801,1369
4802,1348
4803,1392
4804,1428
4805,1392
4806,1397
4807,1353
4808,1400
4809,1407
4810,1398
4811,1440
4812,1465
4813,1452
4814,1402
4815,1363
4816,1322
4817,1366
4818,1374
4819,1364
4820,1386
4821,1427
4822,1414
4823,1457
4824,1454
4825,1448
4826,1439
4827,1470
4828,1431
4829,1454
4830,1462
4831,1425
4832,1463
4833,1437
4834,1469
4835,1488
4836,1523
4837,1532
4838,1550
4839,1516
4840,1555
4841,1590
4842,1584
4843,1562
4844,1521
4845,1486
4846,1480
4847,1493
4848,1501
4849,1544
4850,1541
4851,1579
4852,1629
4853,1636
4854,1665
4855,1653
4856,1605
4857,1625
4858,1648
4859,1669
4860,1670
4861,1689
4862,1654
4863,1702
4864,1680
4865,1675
4866,1642
4867,1673
4868,1650
4869,1647
4870,1597
4871,1549
4872,1565
4873,1571
4874,1610
4875,1646
4876,1675
4877,1703
4878,1748
4879,1789
4880,1820
4881,1842
4882,1844
4883,1862
4884,1854
4885,1831
4886,1861
4887,1827
4888,1841
4889,1803
4890,1836
4891,1822
4892,1831
4893,1828
4894,1784
4895,1830
4896,1804
4897,1801
4898,1826
4899,1817
4900,1828
4901,1832
4902,1793
4903,1835
4904,1792
4905,1795
4906,1779
4907,1788
4908,1762
4909,1800
4910,1810
4911,1832
4912,1863
4913,1879
4914,1864
4915,1866
4916,1875
4917,1898
4918,1938
4919,1965
4920,1962
4921,1924
4922,1958
4923,1946
4924,1974
4925,1990
4926,2012
4927,2032
4928,2039
4929,2018
4930,1993
4931,2012
4932,1967
4933,1989
4934,2016
4935,2031
4936,2072
4937,2055
4938,2048
4939,2073
4940,2080
4941,2058
4942,2010
4943,2038
4944,2016
4945,1986
4946,1966
4947,1965
4948,1934
4949,1959
4950,2002
4951,2012
4952,2002
4953,2022
4954,2008
4955,2013
4956,2030
4957,2030
4958,2027
4959,2014
4960,1991
4961,2016
4962,1983
4963,1935
4964,1981
4965,1969
4966,2016
4967,1995
4968,2037
4969,2036
4970,2045
4971,2019
4972,1988
4973,1986
4974,2017
4975,2000
4976,1978
4977,1933
4978,1939
4979,1921
4980,1899
4981,1922
4982,1921
4983,1892
4984,1886
4985,1911
4986,1929
4987,1924
4988,1927
4989,1894
4990,1852
4991,1832
4992,1881
4993,1922
4994,1926
4995,1883
4996,1925
4997,1951
4998,1946
4999,1981
5000,1938
5001,1896
5002,1860
5003,1824
5004,1843
5005,1889
5006,1869
5007,1917
5008,1940
5009,1909
5010,1869
5011,1910
5012,1901
5013,1945
5014,1971
5015,2011
5016,2032
5017,2075
5018,2038
5019,2003
5020,2005
5021,1959
5022,1979
5023,2003
5024,2044
5025,2085
5026,2037
5027,2083
5028,2121
5029,2115
5030,2150
5031,2182
5032,2166
5033,2158
5034,2155
5035,2107
5036,2065
5037,2019
5038,1981
5039,1932
5040,1948
5041,1928
5042,1907
5043,1898
5044,1908
5045,1859
5046,1905
5047,1857
5048,1813
5049,1768
5050,1786
5051,1781
5052,1799
5053,1833
5054,1817
5055,1776
5056,1736
5057,1730
5058,1773
5059,1816
5060,1848
5061,1856
5062,1809
5063,1842
5064,1875
5065,1832
5066,1789
5067,1810
5068,1768
5069,1792
5070,1776
5071,1817
5072,1816
5073,1775
5074,1763
5075,1786
5076,1777
5077,1826
5078,1787
5079,1762
5080,1761
5081,1729
5082,1725
5083,1761
5084,1737
5085,1725
5086,1692
5087,1669
5088,1661
5089,1646
5090,1661
5091,1680
5092,1727
5093,1699
5094,1677
5095,1702
5096,1729
5097,1707
5098,1691
5099,1719
5100,1703
5101,1729
5102,1680
5103,1642
5104,1614
5105,1618
5106,1639
5107,1638
5108,1687
5109,1714
5110,1664
5111,1615
5112,1655
5113,1695
5114,1698
5115,1660
5116,1643
5117,1676
5118,1722
5119,1706
5120,1695
5121,1693
5122,1660
5123,1653
5124,1672
5125,1716
5126,1711
5127,1711
5128,1724
5129,1706
5130,1658
5131,1632
5132,1675
5133,1636
5134,1652
5135,1613
5136,1659
5137,1702
5138,1741
5139,1713
5140,1680
5141,1708
5142,1695
5143,1649
5144,1629
5145,1650
5146,1634
5147,1658
5148,1666
5149,1676
5150,1672
5151,1705
5152,1743
5153,1777
5154,1793
5155,1842
5156,1868
5157,1916
5158,1963
5159,2002
5160,1958
5161,1953
5162,1981
5163,1954
5164,1989
5165,1942
5166,1966
5167,2004
5168,2027
5169,2006
5170,2010
5171,2020
5172,2040
5173,2014
5174,2050
5175,2091
5176,2047
5177,2078
5178,2044
5179,2084
5180,2035
5181,1990
5182,2016
5183,2025
5184,2063
5185,2101
5186,2087
5187,2085
5188,2066
5189,2062
5190,2108
5191,2085
5192,2134
5193,2123
5194,2105
5195,2059
5196,2016
5197,2057
5198,2034
5199,2006
5200,2005
5201,2021
5202,2066
5203,2114
5204,2101
5205,2063
5206,2058
5207,2059
5208,2089
5209,2122
5210,2079
5211,2064
5212,2110
5213,2123
5214,2123
5215,2103
5216,2058
5217,2050
5218,2022
5219,2016
5220,2053
5221,2090
5222,2056
5223,2084
5224,2110
5225,2065
5226,2083
5227,2089
5228,2052
5229,2058
5230,2050
5231,2094
5232,2142
5233,2192
5234,2237
5235,2248
5236,2212
5237,2200
5238,2154
5239,2115
5240,2147
5241,2108
5242,2063
5243,2106
5244,2121
5245,2151
5246,2120
5247,2118
5248,2133
5249,2090
5250,2107
5251,2148
5252,2149
5253,2127
5254,2084
5255,2121
5256,2124
5257,2161
5258,2112
5259,2092
5260,2137
5261,2110
5262,2071
5263,2096
5264,2110
5265,2063
5266,2070
5267,2032
5268,2036
5269,2004
5270,2030
5271,2031
5272,2078
5273,2064
5274,2089
5275,2129
5276,2137
5277,2141
5278,2187
5279,2162
5280,2112
5281,2093
5282,2090
5283,2097
5284,2108
5285,2145
5286,2195
5287,2202
5288,2209
5289,2190
5290,2170
5291,2209
5292,2172
5293,2159
5294,2198
5295,2224
5296,2190
5297,2222
5298,2255
5299,2286
5300,2307
5301,2307
5302,2298
5303,2260
5304,2258
5305,2259
5306,2308
5307,2325
5308,2336
5309,2357
5310,2307
5311,2300
5312,2338
5313,2305
5314,2268
5315,2297
5316,2261
5317,2310
5318,2328
5319,2375
5320,2357
5321,2342
5322,2380
5323,2399
5324,2443
5325,2486
5326,2494
5327,2469
5328,2468
5329,2513
5330,2498
5331,2541
5332,2492
5333,2523
5334,2507
5335,2489
5336,2457
5337,2472
5338,2522
5339,2520
5340,2486
5341,2524
5342,2554
5343,2590
5344,2634
5345,2650
5346,2684
5347,2729
5348,2774
5349,2802
5350,2782
5351,2799
5352,2795
5353,2773
5354,2724
5355,2708
5356,2682
5357,2723
5358,2676
5359,2722
5360,2764
5361,2716
5362,2713
5363,2681
5364,2683
5365,2681
5366,2710
5367,2710
5368,2728
5369,2748
5370,2728
5371,2689
5372,2735
5373,2686
5374,2658
5375,2651
5376,2644
5377,2638
5378,2636
5379,2614
5380,2578
5381,2570
5382,2608
5383,2625
5384,2663
5385,2633
5386,2632
5387,2601
5388,2579
5389,2629
5390,2613
5391,2611
5392,2619
5393,2612
5394,2581
5395,2565
5396,2551
5397,2536
5398,2544
5399,2548
5400,2545
5401,2552
5402,2534
5403,2547
5404,2514
5405,2466
5406,2430
5407,2440
5408,2443
5409,2403
5410,2380
5411,2410
5412,2401
5413,2445
5414,2417
5415,2382
5416,2378
5417,2396
5418,2425
5419,2432
5420,2448
5421,2453
5422,2484
5423,2457
5424,2454
5425,2446
5426,2403
5427,2371
5428,2388
5429,2402
5430,2423
5431,2466
5432,2452
5433,2466
5434,2419
5435,2394
5436,2412
5437,2374
5438,2374
5439,2367
5440,2327
5441,2330
5442,2308
5443,2258
5444,2257
5445,2293
5446,2327
5447,2362
5448,2369
5449,2374
5450,2371
5451,2404
5452,2403
5453,2358
5454,2369
5455,2324
5456,2365
5457,2333
5458,2312
5459,2349
5460,2323
5461,2331
5462,2379
5463,2373
5464,2391
5465,2367
5466,2392
5467,2374
5468,2377
5469,2368
5470,2355
5471,2354
5472,2339
5473,2363
5474,2400
5475,2379
5476,2388
5477,2341
5478,2390
5479,2343
5480,2331
5481,2316
5482,2292
5483,2298
5484,2299
5485,2283
5486,2333
5487,2304
5488,2341
5489,2376
5490,2411
5491,2372
5492,2407
5493,2451
5494,2492
5495,2448
5496,2498
5497,2503
5498,2479
5499,2523
5500,2559
5501,2602
5502,2587
5503,2547
5504,2539
5505,2549
5506,2518
5507,2484
5508,2527
5509,2565
5510,2585
5511,2554
5512,2537
5513,2562
5514,2518
5515,2526
5516,2486
5517,2489
5518,2518
5519,2514
5520,2520
5521,2487
5522,2468
5523,2496
5524,2480
5525,2498
5526,2509
5527,2481
5528,2434
5529,2470
5530,2457
5531,2475
5532,2495
5533,2506
5534,2533
5535,2542
5536,2569
5537,2550
5538,2527
5539,2571
5540,2620
5541,2591
5542,2553
5543,2564
5544,2563
5545,2569
5546,2598
5547,2579
5548,2554
5549,2560
5550,2584
5551,2539
5552,2580
5553,2589
5554,2627
5555,2628
5556,2643
5557,2616
5558,2624
5559,2576
5560,2571
5561,2619
5562,2616
5563,2616
5564,2653
5565,2638
5566,2666
5567,2645
5568,2659
5569,2651
5570,2660
5571,2698
5572,2727
5573,2734
5574,2710
5575,2683
5576,2708
5577,2701
5578,2662
5579,2650
5580,2653
5581,2624
5582,2656
5583,2650
5584,2610
5585,2647
5586,2661
5587,2689
5588,2710
5589,2760
5590,2783
5591,2736
5592,2734
5593,2771
5594,2789
5595,2774
5596,2805
5597,2803
5598,2828
5599,2822
5600,2801
5601,2767
5602,2767
5603,2786
5604,2810
5605,2837
5606,2799
5607,2770
5608,2820
5609,2773
5610,2792
5611,2765
5612,2791
5613,2841
5614,2836
5615,2786
5616,2835
5617,2857
5618,2877
5619,2902
5620,2934
5621,2909
5622,2910
5623,2904
5624,2940
5625,2964
5626,3001
5627,3051
5628,3043
5629,3093
5630,3126
5631,3167
5632,3138
5633,3134
5634,3181
5635,3143
5636,3150
5637,3170
5638,3162
5639,3207
5640,3189
5641,3145
5642,3169
5643,3201
5644,3161
5645,3210
5646,3167
5647,3206
5648,3203
5649,3159
5650,3109
5651,3113
5652,3102
5653,3091
5654,3130
5655,3165
5656,3187
5657,3232
5658,3187
5659,3163
5660,3118
5661,3099
5662,3050
5663,3053
5664,3012
5665,3004
5666,3010
5667,2999
5668,2951
5669,2904
5670,2916
5671,2964
5672,2914
5673,2879
5674,2878
5675,2864
5676,2839
5677,2871
5678,2884
5679,2858
5680,2846
5681,2852
5682,2805
5683,2842
5684,2824
5685,2873
5686,2826
5687,2834
5688,2791
5689,2807
5690,2758
5691,2780
5692,2754
5693,2719
5694,2743
5695,2742
5696,2765
5697,2735
5698,2728
5699,2759
5700,2796
5701,2815
5702,2816
5703,2844
5704,2799
5705,2831
5706,2834
5707,2829
5708,2841
5709,2875
5710,2882
5711,2883
5712,2932
5713,2922
5714,2907
5715,2915
5716,2904
5717,2907
5718,2898
5719,2853
5720,2841
5721,2831
5722,2846
5723,2878
5724,2874
5725,2837
5726,2822
5727,2775
5728,2795
5729,2751
5730,2741
5731,2785
5732,2779
5733,2734
5734,2757
5735,2785
5736,2741
5737,2761
5738,2765
5739,2778
5740,2742
5741,2713
5742,2682
5743,2645
5744,2670
5745,2643
5746,2664
5747,2632
5748,2680
5749,2659
5750,2683
5751,2682
5752,2692
5753,2713
5754,2713
5755,2740
5756,2776
5757,2758
5758,2761
5759,2742
5760,2760
5761,2769
5762,2762
5763,2721
5764,2757
5765,2732
5766,2782
5767,2763
5768,2741
5769,2743
5770,2746
5771,2716
5772,2732
5773,2725
5774,2718
5775,2693
5776,2706
5777,2668
5778,2658
5779,2662
5780,2641
5781,2663
5782,2664
5783,2647
5784,2605
5785,2592
5786,2581
5787,2580
5788,2629
5789,2654
5790,2681
5791,2670
5792,2719
5793,2670
5794,2683
5795,2675
5796,2628
5797,2629
5798,2618
5799,2617
5800,2581
5801,2571
5802,2612
5803,2607
5804,2657
5805,2668
5806,2702
5807,2663
5808,2678
5809,2690
5810,2697
5811,2705
5812,2698
5813,2725
5814,2747
5815,2722
5816,2747
5817,2756
5818,2796
5819,2795
5820,2750
5821,2753
5822,2755
5823,2803
5824,2791
5825,2770
5826,2798
5827,2833
5828,2865
5829,2829
5830,2826
5831,2844
5832,2795
5833,2784
5834,2767
5835,2799
5836,2763
5837,2736
5838,2750
5839,2768
5840,2809
5841,2782
5842,2743
5843,2769
5844,2808
5845,2828
5846,2822
5847,2783
5848,2772
5849,2768
5850,2773
5851,2773
5852,2767
5853,2718
5854,2750
5855,2718
5856,2686
5857,2659
5858,2632
5859,2633
5860,2587
5861,2623
5862,2648
5863,2697
5864,2717
5865,2714
5866,2666
5867,2704
5868,2744
5869,2706
5870,2746
5871,2741
5872,2744
5873,2792
5874,2821
5875,2783
5876,2808
5877,2767
5878,2762
5879,2762
5880,2812
5881,2831
5882,2802
5883,2824
5884,2825
5885,2855
5886,2837
5887,2795
5888,2769
5889,2727
5890,2728
5891,2758
5892,2735
5893,2689
5894,2650
5895,2684
5896,2732
5897,2752
5898,2763
5899,2758
5900,2729
5901,2741
5902,2771
5903,2748
5904,2739
5905,2717
5906,2741
5907,2706
5908,2661
5909,2657
5910,2639
5911,2663
5912,2686
5913,2658
5914,2612
5915,2569
5916,2560
5917,2552
5918,2519
5919,2521
5920,2487
5921,2530
5922,2492
5923,2490
5924,2445
5925,2399
5926,2423
5927,2438
5928,2399
5929,2410
5930,2442
5931,2410
5932,2399
5933,2400
5934,2440
5935,2475
5936,2435
5937,2421
5938,2450
5939,2431
5940,2477
5941,2435
5942,2471
5943,2477
5944,2515
5945,2502
5946,2506
5947,2483
5948,2453
5949,2421
5950,2457
5951,2455
5952,2482
5953,2494
5954,2518
5955,2500
5956,2471
5957,2510
5958,2472
5959,2505
5960,2463
5961,2444
5962,2469
5963,2466
5964,2431
5965,2401
5966,2373
5967,2328
5968,2353
5969,2306
5970,2320
5971,2344
5972,2365
5973,2370
5974,2395
5975,2404
5976,2429
5977,2403
5978,2361
5979,2315
5980,2277
5981,2303
5982,2333
5983,2300
5984,2269
5985,2225
5986,2238
5987,2194
5988,2152
5989,2193
5990,2162
5991,2177
5992,2139
5993,2173
5994,2181
5995,2158
5996,2204
5997,2182
5998,2181
5999,2209
6000,2181
6001,2154
6002,2170
6003,2123
6004,2135
6005,2173
6006,2139
6007,2125
6008,2106
6009,2124
6010,2115
6011,2094
6012,2075
6013,2100
6014,2078
6015,2072
6016,2105
6017,2077
6018,2045
6019,2025
6020,2005
6021,1982
6022,1944
6023,1935
6024,1981
6025,2018
6026,2057
6027,2044
6028,2058
6029,2027
6030,2060
6031,2029
6032,2021
6033,2026
6034,2017
6035,2001
6036,1963
6037,1982
6038,1962
6039,1921
6040,1935
6041,1955
6042,1941
6043,1934
6044,1953
6045,1936
6046,1925
6047,1973
6048,1996
6049,1987
6050,1990
6051,1970
6052,1990
6053,2036
6054,2031
6055,2014
6056,1996
6057,1978
6058,1968
6059,2005
6060,1958
6061,1963
6062,1980
6063,1999
6064,2010
6065,2036
6066,2020
6067,1974
6068,1951
6069,1905
6070,1906
6071,1938
6072,1916
6073,1877
6074,1882
6075,1882
6076,1837
6077,1788
6078,1821
6079,1803
6080,1819
6081,1822
6082,1792
6083,1829
6084,1821
6085,1870
6086,1909
6087,1935
6088,1909
6089,1929
6090,1949
6091,1903
6092,1865
6093,1882
6094,1919
6095,1942
6096,1915
6097,1947
6098,1914
6099,1867
6100,1861
6101,1893
6102,1876
6103,1872
6104,1862
6105,1877
6106,1886
6107,1920
6108,1900
6109,1852
6110,1872
6111,1876
6112,1828
6113,1821
6114,1856
6115,1816
6116,1829
6117,1878
6118,1910
6119,1922
6120,1905
6121,1889
6122,1927
6123,1976
6124,1953
6125,1980
6126,2026
6127,2052
6128,2033
6129,2082
6130,2106
6131,2080
6132,2092
6133,2141
6134,2114
6135,2086
6136,2065
6137,2050
6138,2090
6139,2043
6140,2053
6141,2099
6142,2074
6143,2028
6144,2035
6145,2073
6146,2102
6147,2060
6148,2061
6149,2088
6150,2084
6151,2105
6152,2075
6153,2077
6154,2041
6155,2014
6156,1981
6157,2006
6158,1960
6159,1957
6160,1967
6161,1928
6162,1891
6163,1849
6164,1813
6165,1784
6166,1791
6167,1836
6168,1829
6169,1820
6170,1864
6171,1872
6172,1895
6173,1937
6174,1981
6175,1950
6176,1930
6177,1946
6178,1951
6179,1988
6180,2011
6181,2057
6182,2059
6183,2011
6184,2000
6185,1996
6186,2006
6187,1983
6188,1961
6189,1925
6190,1975
6191,1988
6192,1960
6193,1968
6194,1989
6195,2003
6196,1961
6197,1980
6198,1997
6199,1969
6200,1951
6201,1960
6202,1916
6203,1905
6204,1888
6205,1861
6206,1897
6207,1861
6208,1877
6209,1852
6210,1841
6211,1806
6212,1780
6213,1807
6214,1799
6215,1848
6216,1852
6217,1827
6218,1847
6219,1844
6220,1861
6221,1836
6222,1857
6223,1870
6224,1899
6225,1883
6226,1845
6227,1875
6228,1906
6229,1909
6230,1907
6231,1927
6232,1904
6233,1900
6234,1907
6235,1877
6236,1869
6237,1890
6238,1913
6239,1913
6240,1940
6241,1930
6242,1972
6243,1997
6244,2016
6245,2050
6246,2072
6247,2120
6248,2156
6249,2160
6250,2181
6251,2148
6252,2193
6253,2166
6254,2144
6255,2159
6256,2150
6257,2144
6258,2149
6259,2161
6260,2111
6261,2127
6262,2080
6263,2054
6264,2060
6265,2088
6266,2072
6267,2114
6268,2070
6269,2120
6270,2154
6271,2107
6272,2072
6273,2029
6274,1982
6275,1944
6276,1930
6277,1933
6278,1961
6279,1959
6280,1982
6281,1967
6282,1947
6283,1954
6284,1931
6285,1894
6286,1938
6287,1906
6288,1933
6289,1891
6290,1845
6291,1810
6292,1761
6293,1749
6294,1724
6295,1740
6296,1710
6297,1690
6298,1718
6299,1716
6300,1670
6301,1626
6302,1668
6303,1620
6304,1572
6305,1578
6306,1571
6307,1607
6308,1646
6309,1603
6310,1568
6311,1542
6312,1510
6313,1528
6314,1483
6315,1503
6316,1481
6317,1445
6318,1424
6319,1465
6320,1440
6321,1439
6322,1448
6323,1493
6324,1464
6325,1478
6326,1444
6327,1446
6328,1485
6329,1530
6330,1522
6331,1491
6332,1484
6333,1512
6334,1500
6335,1527
6336,1499
6337,1519
6338,1565
6339,1611
6340,1616
6341,1597
6342,1555
6343,1552
6344,1592
6345,1548
6346,1581
6347,1619
6348,1629
6349,1660
6350,1693
6351,1704
6352,1664
6353,1654
6354,1653
6355,1662
6356,1709
6357,1672
6358,1678
6359,1718
6360,1719
6361,1758
6362,1732
6363,1683
6364,1660
6365,1698
6366,1660
6367,1620
6368,1624
6369,1670
6370,1632
6371,1612
6372,1579
6373,1589
6374,1600
6375,1577
6376,1573
6377,1595
6378,1629
6379,1668
6380,1656
6381,1679
6382,1721
6383,1740
6384,1752
6385,1707
6386,1731
6387,1738
6388,1762
6389,1803
6390,1801
6391,1793
6392,1743
6393,1757
6394,1719
6395,1700
6396,1666
6397,1635
6398,1653
6399,1617
6400,1640
6401,1597
6402,1549
6403,1557
6404,1598
6405,1596
6406,1549
6407,1573
6408,1601
6409,1605
6410,1564
6411,1529
6412,1550
6413,1585
6414,1610
6415,1582
6416,1593
6417,1593
6418,1598
6419,1619
6420,1613
6421,1615
6422,1641
6423,1691
6424,1672
6425,1670
6426,1669
6427,1678
6428,1628
6429,1642
6430,1682
6431,1652
6432,1697
6433,1726
6434,1686
6435,1686
6436,1646
6437,1651
6438,1629
6439,1670
6440,1679
6441,1664
6442,1690
6443,1698
6444,1740
6445,1780
6446,1739
6447,1751
6448,1708
6449,1671
6450,1705
6451,1753
6452,1710
6453,1684
6454,1694
6455,1717
6456,1716
6457,1673
6458,1677
6459,1726
6460,1723
6461,1705
6462,1751
6463,1734
6464,1782
6465,1778
6466,1824
6467,1872
6468,1902
6469,1880
6470,1866
6471,1889
6472,1874
6473,1870
6474,1917
6475,1930
6476,1916
6477,1896
6478,1913
6479,1895
6480,1923
6481,1967
6482,2006
6483,1960
6484,1988
6485,1981
6486,1958
6487,1908
6488,1935
6489,1951
6490,1955
6491,1937
6492,1949
6493,1997
6494,2034
6495,2057
6496,2058
6497,2027
6498,2053
6499,2054
6500,2093
6501,2069
6502,2118
6503,2160
6504,2159
6505,2188
6506,2234
6507,2200
6508,2245
6509,2263
6510,2279
6511,2284
6512,2321
6513,2287
6514,2309
6515,2313
6516,2337
6517,2378
6518,2409
6519,2436
6520,2460
6521,2492
6522,2466
6523,2437
6524,2483
6525,2468
6526,2465
6527,2499
6528,2469
6529,2462
6530,2424
6531,2394
6532,2381
6533,2333
6534,2351
6535,2365
6536,2411
6537,2367
6538,2392
6539,2415
6540,2416
6541,2432
6542,2428
6543,2445
6544,2453
6545,2467
6546,2509
6547,2476
6548,2474
6549,2452
6550,2431
6551,2420
6552,2421
6553,2404
6554,2368
6555,2359
6556,2386
6557,2425
6558,2439
6559,2455
6560,2485
6561,2444
6562,2477
6563,2475
6564,2497
6565,2480
6566,2509
6567,2550
6568,2574
6569,2582
6570,2568
6571,2584
6572,2555
6573,2560
6574,2522
6575,2505
6576,2555
6577,2529
6578,2509
6579,2482
6580,2483
6581,2522
6582,2541
6583,2549
6584,2517
6585,2561
6586,2578
6587,2549
6588,2557
6589,2514
6590,2509
6591,2469
6592,2441
6593,2475
6594,2480
6595,2472
6596,2422
6597,2468
6598,2441
6599,2398
6600,2424
6601,2386
6602,2345
6603,2299
6604,2267
6605,2221
6606,2207
6607,2219
6608,2195
6609,2154
6610,2105
6611,2098
6612,2141
6613,2103
6614,2122
6615,2134
6616,2109
6617,2119
6618,2138
6619,2178
6620,2207
6621,2180
6622,2213
6623,2193
6624,2159
6625,2142
6626,2103
6627,2098
6628,2052
6629,2097
6630,2095
6631,2129
6632,2147
6633,2157
6634,2183
6635,2220
6636,2212
6637,2242
6638,2246
6639,2295
6640,2250
6641,2235
6642,2248
6643,2258
6644,2262
6645,2311
6646,2354
6647,2335
6648,2320
6649,2369
6650,2363
6651,2400
6652,2433
6653,2446
6654,2463
6655,2440
6656,2425
6657,2377
6658,2331
6659,2369
6660,2375
6661,2419
6662,2436
6663,2410
6664,2415
6665,2366
6666,2381
6667,2391
6668,2378
6669,2342
6670,2385
6671,2417
6672,2383
6673,2382
6674,2382
6675,2428
6676,2438
6677,2443
6678,2441
6679,2394
6680,2382
6681,2338
6682,2307
6683,2257
6684,2268
6685,2293
6686,2318
6687,2290
6688,2327
6689,2346
6690,2367
6691,2371
6692,2358
6693,2382
6694,2387
6695,2437
6696,2436
6697,2447
6698,2472
6699,2454
6700,2500
6701,2498
6702,2516
6703,2534
6704,2556
6705,2550
6706,2511
6707,2519
6708,2473
6709,2427
6710,2402
6711,2385
6712,2431
6713,2385
6714,2397
6715,2402
6716,2362
6717,2339
6718,2352
6719,2389
6720,2371
6721,2346
6722,2344
6723,2356
6724,2381
6725,2429
6726,2400
6727,2413
6728,2441
6729,2422
6730,2398
6731,2398
6732,2367
6733,2340
6734,2311
6735,2287
6736,2280
6737,2284
6738,2273
6739,2267
6740,2307
6741,2311
6742,2276
6743,2323
6744,2283
6745,2233
6746,2238
6747,2258
6748,2262
6749,2310
6750,2300
6751,2340
6752,2298
6753,2268
6754,2280
6755,2300
6756,2289
6757,2320
6758,2339
6759,2349
6760,2360
6761,2334
6762,2358
6763,2334
6764,2301
6765,2325
6766,2313
6767,2296
6768,2267
6769,2227
6770,2185
6771,2217
6772,2204
6773,2244
6774,2290
6775,2312
6776,2292
6777,2339
6778,2292
6779,2308
6780,2354
6781,2311
6782,2344
6783,2323
6784,2297
6785,2314
6786,2352
6787,2332
6788,2352
6789,2360
6790,2323
6791,2353
6792,2332
6793,2357
6794,2369
6795,2413
6796,2408
6797,2369
6798,2413
6799,2435
6800,2436
6801,2415
6802,2429
6803,2443
6804,2421
6805,2457
6806,2429
6807,2419
6808,2453
6809,2495
6810,2497
6811,2498
6812,2478
6813,2453
6814,2500
6815,2522
6816,2526
6817,2556
6818,2536
6819,2508
6820,2459
6821,2432
6822,2438
6823,2412
6824,2380
6825,2367
6826,2344
6827,2355
6828,2332
6829,2328
6830,2338
6831,2336
6832,2303
6833,2277
6834,2311
6835,2293
6836,2300
6837,2257
6838,2305
6839,2293
6840,2264
6841,2235
6842,2285
6843,2250
6844,2294
6845,2286
6846,2281
6847,2253
6848,2290
6849,2303
6850,2341
6851,2315
6852,2355
6853,2360
6854,2405
6855,2408
6856,2427
6857,2459
6858,2473
6859,2515
6860,2493
6861,2502
6862,2517
6863,2490
6864,2470
6865,2488
6866,2440
6867,2432
6868,2437
6869,2465
6870,2461
6871,2454
6872,2473
6873,2510
6874,2558
6875,2598
6876,2579
6877,2559
6878,2569
6879,2583
6880,2557
6881,2540
6882,2495
6883,2479
6884,2499
6885,2535
6886,2552
6887,2562
6888,2575
6889,2551
6890,2566
6891,2538
6892,2532
6893,2549
6894,2533
6895,2562
6896,2536
6897,2557
6898,2558
6899,2583
6900,2536
6901,2559
6902,2513
6903,2475
6904,2519
6905,2549
6906,2576
6907,2588
6908,2562
6909,2593
6910,2638
6911,2649
6912,2612
6913,2616
6914,2658
6915,2658
6916,2680
6917,2685
6918,2690
6919,2647
6920,2649
6921,2615
6922,2640
6923,2674
6924,2640
6925,2619
6926,2650
6927,2697
6928,2697
6929,2654
6930,2692
6931,2654
6932,2636
6933,2589
6934,2636
6935,2593
6936,2598
6937,2585
6938,2607
6939,2557
6940,2508
6941,2490
6942,2510
6943,2557
6944,2552
6945,2592
6946,2568
6947,2588
6948,2545
6949,2538
6950,2580
6951,2534
6952,2523
6953,2572
6954,2610
6955,2616
6956,2578
6957,2603
6958,2557
6959,2578
6960,2575
6961,2544
6962,2497
6963,2452
6964,2483
6965,2492
6966,2528
6967,2479
6968,2496
6969,2447
6970,2403
6971,2361
6972,2408
6973,2369
6974,2320
6975,2319
6976,2344
6977,2371
6978,2365
6979,2336
6980,2376
6981,2373
6982,2377
6983,2413
6984,2412
6985,2369
6986,2357
6987,2359
6988,2403
6989,2371
6990,2360
6991,2329
6992,2300
6993,2303
6994,2279
6995,2289
6996,2246
6997,2248
6998,2242
6999,2281
7000,2266
7001,2304
7002,2256
7003,2274
7004,2275
7005,2227
7006,2192
7007,2146
7008,2118
7009,2123
7010,2079
7011,2116
7012,2113
7013,2127
7014,2177
7015,2191
7016,2225
7017,2265
7018,2308
7019,2348
7020,2319
7021,2345
7022,2359
7023,2330
7024,2374
7025,2350
7026,2377
7027,2416
7028,2434
7029,2467
7030,2437
7031,2395
7032,2431
7033,2394
7034,2349
7035,2355
7036,2404
7037,2439
7038,2487
7039,2526
7040,2476
7041,2484
7042,2499
7043,2459
7044,2421
7045,2403
7046,2366
7047,2401
7048,2389
7049,2404
7050,2428
7051,2426
7052,2403
7053,2393
7054,2430
7055,2475
7056,2481
7057,2454
7058,2448
7059,2487
7060,2509
7061,2471
7062,2503
7063,2467
7064,2488
7065,2479
7066,2448
7067,2398
7068,2439
7069,2411
7070,2444
7071,2470
7072,2507
7073,2535
7074,2531
7075,2491
7076,2521
7077,2501
7078,2481
7079,2455
7080,2463
7081,2488
7082,2504
7083,2481
7084,2450
7085,2439
7086,2392
7087,2407
7088,2369
7089,2359
7090,2399
7091,2363
7092,2314
7093,2278
7094,2259
7095,2225
7096,2253
7097,2207
7098,2230
7099,2198
7100,2218
7101,2225
7102,2176
7103,2149
7104,2106
7105,2126
7106,2082
7107,2048
7108,2057
7109,2084
7110,2059
7111,2061
7112,2079
7113,2050
7114,2028
7115,2025
7116,1988
7117,1971
7118,1929
7119,1946
7120,1926
7121,1926
7122,1929
7123,1889
7124,1860
7125,1858
7126,1847
7127,1879
7128,1859
7129,1901
7130,1938
7131,1938
7132,1896
7133,1849
7134,1853
7135,1898
7136,1863
7137,1856
7138,1812
7139,1808
7140,1827
7141,1842
7142,1870
7143,1867
7144,1865
7145,1889
7146,1862
7147,1894
7148,1932
7149,1930
7150,1955
7151,1910
7152,1907
7153,1873
7154,1922
7155,1876
7156,1887
7157,1852
7158,1886
7159,1843
7160,1811
7161,1782
7162,1832
7163,1809
7164,1762
7165,1803
7166,1800
7167,1787
7168,1830
7169,1874
7170,1839
7171,1818
7172,1807
7173,1806
7174,1786
7175,1787
7176,1750
7177,1789
7178,1805
7179,1787
7180,1805
7181,1781
7182,1813
7183,1777
7184,1800
7185,1798
7186,1835
7187,1860
7188,1870
7189,1822
7190,1773
7191,1787
7192,1827
7193,1835
7194,1868
7195,1902
7196,1951
7197,1951
7198,1942
7199,1974
7200,1956
7201,1971
7202,1975
7203,1939
7204,1977
7205,1935
7206,1944
7207,1947
7208,1949
7209,1932
7210,1946
7211,1995
7212,2045
7213,2010
7214,2060
7215,2033
7216,2073
7217,2118
7218,2103
7219,2067
7220,2096
7221,2137
7222,2118
7223,2141
7224,2116
7225,2139
7226,2172
7227,2182
7228,2158
7229,2187
7230,2224
7231,2236
7232,2264
7233,2233
7234,2223
7235,2251
7236,2215
7237,2170
7238,2160
7239,2110
7240,2087
7241,2057
7242,2026
7243,2033
7244,2075
7245,2102
7246,2091
7247,2113
7248,2113
7249,2078
7250,2048
7251,2060
7252,2061
7253,2081
7254,2041
7255,2007
7256,1981
7257,1992
7258,1998
7259,2021
7260,1989
7261,1969
7262,1919
7263,1912
7264,1891
7265,1851
7266,1873
7267,1829
7268,1846
7269,1833
7270,1791
7271,1795
7272,1842
7273,1890
7274,1918
7275,1872
7276,1914
7277,1954
7278,1945
7279,1943
7280,1977
7281,1941
7282,1966
7283,1930
7284,1895
7285,1895
7286,1891
7287,1872
7288,1840
7289,1793
7290,1778
7291,1802
7292,1822
7293,1856
7294,1877
7295,1922
7296,1902
7297,1930
7298,1943
7299,1921
7300,1934
7301,1941
7302,1891
7303,1847
7304,1817
7305,1772
7306,1724
7307,1690
7308,1706
7309,1657
7310,1683
7311,1721
7312,1693
7313,1735
7314,1738
7315,1751
7316,1717
7317,1693
7318,1694
7319,1645
7320,1671
7321,1646
7322,1613
7323,1588
7324,1572
7325,1588
7326,1540
7327,1577
7328,1566
7329,1586
7330,1578
7331,1597
7332,1627
7333,1599
7334,1622
7335,1575
7336,1609
7337,1592
7338,1602
7339,1554
7340,1530
7341,1543
7342,1531
7343,1519
7344,1479
7345,1455
7346,1499
7347,1536
7348,1507
7349,1466
7350,1447
7351,1410
7352,1391
7353,1356
7354,1319
7355,1368
7356,1344
7357,1331
7358,1354
7359,1314
7360,1270
7361,1260
7362,1249
7363,1277
7364,1277
7365,1320
7366,1340
7367,1344
7368,1332
7369,1303
7370,1292
7371,1246
7372,1214
7373,1214
7374,1253
7375,1214
7376,1258
7377,1268
7378,1316
7379,1286
7380,1332
7381,1287
7382,1337
7383,1324
7384,1324
7385,1338
7386,1327
7387,1336
7388,1315
7389,1342
7390,1303
7391,1347
7392,1359
7393,1340
7394,1325
7395,1347
7396,1323
7397,1356
7398,1343
7399,1318
7400,1325
7401,1283
7402,1293
7403,1306
7404,1311
7405,1279
7406,1232
7407,1254
7408,1226
7409,1274
7410,1316
7411,1356
7412,1399
7413,1400
7414,1363
7415,1363
7416,1386
7417,1429
7418,1477
7419,1468
7420,1489
7421,1491
7422,1444
7423,1492
7424,1482
7425,1486
7426,1438
7427,1423
7428,1407
7429,1440
7430,1466
7431,1503
7432,1521
7433,1564
7434,1558
7435,1543
7436,1567
7437,1615
7438,1632
7439,1619
7440,1664
7441,1614
7442,1605
7443,1605
7444,1590
7445,1594
7446,1627
7447,1581
7448,1611
7449,1627
7450,1620
7451,1579
7452,1600
7453,1570
7454,1560
7455,1540
7456,1575
7457,1572
7458,1617
7459,1606
7460,1649
7461,1600
7462,1629
7463,1601
7464,1604
7465,1577
7466,1625
7467,1648
7468,1687
7469,1642
7470,1688
7471,1708
7472,1729
7473,1744
7474,1743
7475,1718
7476,1727
7477,1727
7478,1752
7479,1794
7480,1766
7481,1722
7482,1705
7483,1678
7484,1635
7485,1663
7486,1625
7487,1621
7488,1652
7489,1659
7490,1672
7491,1652
7492,1617
7493,1646
7494,1686
7495,1727
7496,1702
7497,1686
7498,1669
7499,1703
7500,1671
7501,1672
7502,1672
7503,1703
7504,1681
7505,1636
7506,1601
7507,1586
7508,1616
7509,1602
7510,1563
7511,1531
7512,1521
7513,1551
7514,1584
7515,1613
7516,1659
7517,1623
7518,1620
7519,1645
7520,1641
7521,1594
7522,1624
7523,1656
7524,1659
7525,1666
7526,1677
7527,1702
7528,1675
7529,1688
7530,1647
7531,1628
7532,1671
7533,1718
7534,1762
7535,1744
7536,1748
7537,1737
7538,1730
7539,1776
7540,1809
7541,1771
7542,1725
7543,1709
7544,1696
7545,1696
7546,1657
7547,1644
7548,1657
7549,1694
7550,1737
7551,1715
7552,1675
7553,1670
7554,1668
7555,1700
7556,1730
7557,1686
7558,1669
7559,1628
7560,1672
7561,1653
7562,1603
7563,1613
7564,1658
7565,1690
7566,1739
7567,1728
7568,1693
7569,1696
7570,1672
7571,1697
7572,1736
7573,1731
7574,1687
7575,1698
7576,1694
7577,1702
7578,1745
7579,1773
7580,1764
7581,1760
7582,1765
7583,1718
7584,1672
7585,1640
7586,1667
7587,1651
7588,1691
7589,1712
7590,1712
7591,1696
7592,1737
7593,1690
7594,1703
7595,1702
7596,1675
7597,1687
7598,1685
7599,1706
7600,1658
7601,1621
7602,1655
7603,1692
7604,1681
7605,1666
7606,1644
7607,1599
7608,1563
7609,1569
7610,1557
7611,1541
7612,1522
7613,1556
7614,1590
7615,1550
7616,1588
7617,1633
7618,1667
7619,1642
7620,1673
7621,1713
7622,1693
7623,1699
7624,1738
7625,1738
7626,1743
7627,1756
7628,1760
7629,1804
7630,1841
7631,1835
7632,1857
7633,1906
7634,1937
7635,1984
7636,2018
7637,2037
7638,2066
7639,2056
7640,2027
7641,1988
7642,1943
7643,1966
7644,1920
7645,1935
7646,1924
7647,1935
7648,1927
7649,1964
7650,1991
7651,1988
7652,1954
7653,1905
7654,1904
7655,1886
7656,1855
7657,1865
7658,1881
7659,1881
7660,1896
7661,1849
7662,1812
7663,1774
7664,1824
7665,1839
7666,1861
7667,1910
7668,1925
7669,1961
7670,1925
7671,1957
7672,1969
7673,1943
7674,1934
7675,1911
7676,1861
7677,1843
7678,1795
7679,1835
7680,1805
7681,1766
7682,1734
7683,1712
7684,1699
7685,1748
7686,1698
7687,1671
7688,1678
7689,1719
7690,1763
7691,1725
7692,1714
7693,1735
7694,1727
7695,1730
7696,1759
7697,1765
7698,1776
7699,1793
7700,1765
7701,1778
7702,1752
7703,1789
7704,1816
7705,1795
7706,1829
7707,1843
7708,1850
7709,1848
7710,1872
7711,1873
7712,1864
7713,1899
7714,1875
7715,1843
7716,1818
7717,1820
7718,1775
7719,1776
7720,1797
7721,1781
7722,1793
7723,1769
7724,1798
7725,1751
7726,1762
7727,1803
7728,1835
7729,1793
7730,1824
7731,1814
7732,1772
7733,1811
7734,1834
7735,1794
7736,1808
7737,1774
7738,1798
7739,1802
7740,1764
7741,1748
7742,1780
7743,1765
7744,1722
7745,1712
7746,1662
7747,1661
7748,1666
7749,1674
7750,1702
7751,1662
7752,1627
7753,1675
7754,1649
7755,1673
7756,1699
7757,1688
7758,1722
7759,1752
7760,1714
7761,1723
7762,1742
7763,1774
7764,1770
7765,1734
7766,1773
7767,1762
7768,1730
7769,1743
7770,1774
7771,1759
7772,1776
7773,1777
7774,1789
7775,1745
7776,1723
7777,1751
7778,1800
7779,1816
7780,1856
7781,1818
7782,1789
7783,1764
7784,1761
7785,1785
7786,1819
7787,1815
7788,1767
7789,1768
7790,1738
7791,1708
7792,1661
7793,1654
7794,1685
7795,1694
7796,1730
7797,1751
7798,1741
7799,1723
7800,1766
7801,1751
7802,1755
7803,1752
7804,1743
7805,1792
7806,1816
7807,1775
7808,1795
7809,1794
7810,1792
7811,1798
7812,1787
7813,1785
7814,1820
7815,1789
7816,1788
7817,1751
7818,1759
7819,1803
7820,1836
7821,1875
7822,1849
7823,1828
7824,1785
7825,1820
7826,1775
7827,1822
7828,1861
7829,1864
7830,1827
7831,1822
7832,1802
7833,1811
7834,1832
7835,1810
7836,1817
7837,1850
7838,1855
7839,1899
7840,1935
7841,1911
7842,1948
7843,1984
7844,1952
7845,1912
7846,1930
7847,1897
7848,1927
7849,1976
7850,1938
7851,1956
7852,1920
7853,1968
7854,1960
7855,1992
7856,1992
7857,1974
7858,2022
7859,2016
7860,2031
7861,2060
7862,2090
7863,2054
7864,2035
7865,2058
7866,2067
7867,2033
7868,1993
7869,2018
7870,2040
7871,2005
7872,2040
7873,2005
7874,1989
7875,1971
7876,2003
7877,2050
7878,2042
7879,2077
7880,2036
7881,2037
7882,2062
7883,2077
7884,2063
7885,2066
7886,2051
7887,2060
7888,2031
7889,2037
7890,2045
7891,2082
7892,2073
7893,2084
7894,2063
7895,2106
7896,2151
7897,2180
7898,2223
7899,2183
7900,2167
7901,2129
7902,2175
7903,2136
7904,2162
7905,2179
7906,2138
7907,2130
7908,2132
7909,2145
7910,2140
7911,2114
7912,2099
7913,2134
7914,2152
7915,2193
7916,2177
7917,2157
7918,2162
7919,2189
7920,2140
7921,2127
7922,2143
7923,2113
7924,2098
7925,2118
7926,2118
7927,2110
7928,2108
7929,2147
7930,2126
7931,2150
7932,2174
7933,2144
7934,2108
7935,2134
7936,2156
7937,2167
7938,2170
7939,2200
7940,2233
7941,2214
7942,2187
7943,2146
7944,2163
7945,2141
7946,2166
7947,2202
7948,2240
7949,2261
7950,2259
7951,2214
7952,2246
7953,2271
7954,2233
7955,2256
7956,2276
7957,2287
7958,2317
7959,2279
7960,2302
7961,2309
7962,2347
7963,2338
7964,2330
7965,2374
7966,2415
7967,2390
7968,2344
7969,2327
7970,2372
7971,2393
7972,2407
7973,2357
7974,2388
7975,2338
7976,2314
7977,2325
7978,2372
7979,2371
7980,2378
7981,2363
7982,2342
7983,2312
7984,2358
7985,2382
7986,2350
7987,2336
7988,2314
7989,2340
7990,2338
7991,2348
7992,2313
7993,2312
7994,2294
7995,2283
7996,2321
7997,2291
7998,2282
7999,2318
8000,2297
8001,2339
8002,2325
8003,2329
8004,2315
8005,2282
8006,2324
8007,2290
8008,2266
8009,2284
8010,2319
8011,2330
8012,2367
8013,2354
8014,2333
8015,2365
8016,2316
8017,2319
8018,2272
8019,2297
8020,2310
8021,2346
8022,2304
8023,2305
8024,2282
8025,2278
8026,2274
8027,2271
8028,2284
8029,2247
8030,2255
8031,2295
8032,2248
8033,2289
8034,2306
8035,2285
8036,2316
8037,2324
8038,2299
8039,2263
8040,2261
8041,2259
8042,2230
8043,2212
8044,2248
8045,2214
8046,2183
8047,2135
8048,2093
8049,2059
8050,2052
8051,2071
8052,2029
8053,1998
8054,2001
8055,2051
8056,2034
8057,2021
8058,1978
8059,1987
8060,1981
8061,2014
8062,1988
8063,2024
8064,2045
8065,2090
8066,2121
8067,2129
8068,2140
8069,2136
8070,2115
8071,2104
8072,2075
8073,2109
8074,2067
8075,2021
8076,1992
8077,1942
8078,1992
8079,1958
8080,1909
8081,1875
8082,1921
8083,1969
8084,1992
8085,2007
8086,2036
8087,2026
8088,1976
8089,1931
8090,1954
8091,1932
8092,1894
8093,1880
8094,1913
8095,1901
8096,1871
8097,1863
8098,1825
8099,1872
8100,1902
8101,1871
8102,1834
8103,1844
8104,1799
8105,1786
8106,1834
8107,1863
8108,1838
8109,1885
8110,1872
8111,1826
8112,1842
8113,1838
8114,1828
8115,1799
8116,1764
8117,1783
8118,1827
8119,1874
8120,1917
8121,1913
8122,1906
8123,1859
8124,1881
8125,1897
8126,1863
8127,1876
8128,1912
8129,1949
8130,1929
8131,1978
8132,1963
8133,2003
8134,2010
8135,2055
8136,2056
8137,2029
8138,2062
8139,2070
8140,2073
8141,2060
8142,2107
8143,2150
8144,2177
8145,2170
8146,2127
8147,2090
8148,2073
8149,2041
8150,2016
8151,1976
8152,1956
8153,1908
8154,1897
8155,1912
8156,1911
8157,1957
8158,1941
8159,1900
8160,1857
8161,1863
8162,1825
8163,1820
8164,1772
8165,1726
8166,1704
8167,1703
8168,1719
8169,1744
8170,1752
8171,1710
8172,1674
8173,1653
8174,1703
8175,1724
8176,1740
8177,1749
8178,1709
8179,1700
8180,1699
8181,1668
8182,1666
8183,1648
8184,1668
8185,1712
8186,1754
8187,1779
8188,1810
8189,1823
8190,1839
8191,1828
8192,1828
8193,1865
8194,1846
8195,1806
8196,1829
8197,1851
8198,1832
8199,1852
8200,1832
8201,1857
8202,1836
8203,1834
8204,1852
8205,1894
8206,1870
8207,1899
8208,1869
8209,1827
8210,1781
8211,1773
8212,1785
8213,1835
8214,1848
8215,1891
8216,1939
8217,1954
8218,1986
8219,1971
8220,2017
8221,2021
8222,2026
8223,2019
8224,2039
8225,1989
8226,2010
8227,2042
8228,2086
8229,2128
8230,2131
8231,2093
8232,2064
8233,2088
8234,2069
8235,2076
8236,2028
8237,2050
8238,2021
8239,1980
8240,1980
8241,1937
8242,1920
8243,1901
8244,1890
8245,1906
8246,1935
8247,1941
8248,1987
8249,2014
8250,2061
8251,2029
8252,1987
8253,1983
8254,2003
8255,1961
8256,1933
8257,1896
8258,1895
8259,1894
8260,1867
8261,1852
8262,1841
8263,1839
8264,1850
8265,1827
8266,1804
8267,1761
8268,1773
8269,1784
8270,1825
8271,1813
8272,1860
8273,1848
8274,1825
8275,1869
8276,1875
8277,1835
8278,1879
8279,1888
8280,1866
8281,1870
8282,1891
8283,1865
8284,1824
8285,1825
8286,1849
8287,1809
8288,1805
8289,1853
8290,1865
8291,1822
8292,1858
8293,1812
8294,1823
8295,1786
8296,1819
8297,1799
8298,1816
8299,1819
8300,1803
8301,1796
8302,1792
8303,1750
8304,1722
8305,1727
8306,1707
8307,1730
8308,1703
8309,1673
8310,1660
8311,1698
8312,1689
8313,1730
8314,1727
8315,1692
8316,1719
8317,1683
8318,1675
8319,1694
8320,1648
8321,1636
8322,1647
8323,1662
8324,1642
8325,1599
8326,1646
8327,1647
8328,1623
8329,1625
8330,1668
8331,1639
8332,1679
8333,1723
8334,1756
8335,1707
8336,1741
8337,1736
8338,1724
8339,1707
8340,1733
8341,1736
8342,1722
8343,1715
8344,1728
8345,1711
8346,1704
8347,1732
8348,1776
8349,1811
8350,1833
8351,1856
8352,1864
8353,1835
8354,1829
8355,1812
8356,1765
8357,1725
8358,1730
8359,1777
8360,1746
8361,1789
8362,1752
8363,1777
8364,1740
8365,1777
8366,1745
8367,1730
8368,1750
8369,1769
8370,1792
8371,1778
8372,1756
8373,1730
8374,1689
8375,1707
8376,1683
8377,1682
8378,1670
8379,1710
8380,1677
8381,1720
8382,1723
8383,1737
8384,1787
8385,1795
8386,1824
8387,1782
8388,1734
8389,1706
8390,1657
8391,1677
8392,1679
8393,1642
8394,1623
8395,1616
8396,1639
8397,1614
8398,1577
8399,1596
8400,1635
8401,1605
8402,1592
8403,1631
8404,1591
8405,1545
8406,1580
8407,1589
8408,1602
8409,1554
8410,1603
8411,1568
8412,1521
8413,1532
8414,1491
8415,1500
8416,1543
8417,1501
8418,1481
8419,1444
8420,1461
8421,1504
8422,1464
8423,1432
8424,1455
8425,1470
8426,1464
8427,1511
8428,1485
8429,1493
8430,1537
8431,1534
8432,1570
8433,1562
8434,1571
8435,1551
8436,1526
8437,1560
8438,1560
8439,1602
8440,1581
8441,1585
8442,1571
8443,1546
8444,1595
8445,1594
8446,1578
8447,1619
8448,1583
8449,1571
8450,1612
8451,1597
8452,1637
8453,1670
8454,1623
8455,1573
8456,1611
8457,1651
8458,1612
8459,1657
8460,1690
8461,1652
8462,1681
8463,1707
8464,1707
8465,1669
8466,1678
8467,1669
8468,1631
8469,1676
8470,1642
8471,1654
8472,1622
8473,1669
8474,1633
8475,1629
8476,1612
8477,1603
8478,1600
8479,1650
8480,1643
8481,1642
8482,1632
8483,1589
8484,1584
8485,1555
8486,1538
8487,1510
8488,1475
8489,1476
8490,1441
8491,1483
8492,1528
8493,1556
8494,1550
8495,1537
8496,1536
8497,1540
8498,1549
8499,1501
8500,1491
8501,1541
8502,1573
8503,1531
8504,1501
8505,1530
8506,1503
8507,1493
8508,1530
8509,1564
8510,1525
8511,1540
8512,1552
8513,1508
8514,1525
8515,1492
8516,1472
8517,1495
8518,1472
8519,1432
8520,1446
8521,1452
8522,1452
8523,1456
8524,1464
8525,1492
8526,1465
8527,1476
8528,1490
8529,1506
8530,1457
8531,1474
8532,1456
8533,1469
8534,1455
8535,1407
8536,1416
8537,1431
8538,1453
8539,1416
8540,1406
8541,1371
8542,1348
8543,1302
8544,1268
8545,1230
8546,1214
8547,1171
8548,1127
8549,1175
8550,1143
8551,1178
8552,1129
8553,1140
8554,1145
8555,1104
8556,1063
8557,1104
8558,1147
8559,1195
8560,1211
8561,1199
8562,1178
8563,1203
8564,1191
8565,1163
8566,1213
8567,1206
8568,1190
8569,1235
8570,1222
8571,1224
8572,1256
8573,1262
8574,1237
8575,1272
8576,1314
8577,1349
8578,1345
8579,1392
8580,1360
8581,1384
8582,1428
8583,1451
8584,1458
8585,1438
8586,1440
8587,1485
8588,1475
8589,1506
8590,1525
8591,1496
8592,1449
8593,1473
8594,1465
8595,1437
8596,1407
8597,1449
8598,1481
8599,1495
8600,1446
8601,1410
8602,1415
8603,1371
8604,1349
8605,1337
8606,1378
8607,1364
8608,1413
8609,1409
8610,1443
8611,1438
8612,1484
8613,1461
8614,1499
8615,1526
8616,1518
8617,1562
8618,1584
8619,1618
8620,1660
8621,1698
8622,1729
8623,1767
8624,1800
8625,1786
8626,1833
8627,1863
8628,1835
8629,1841
8630,1835
8631,1830
8632,1868
8633,1917
8634,1881
8635,1870
8636,1911
8637,1867
8638,1821
8639,1787
8640,1749
8641,1755
8642,1737
8643,1746
8644,1751
8645,1711
8646,1668
8647,1644
8648,1677
8649,1649
8650,1630
8651,1606
8652,1572
8653,1603
8654,1628
8655,1611
8656,1621
8657,1612
8658,1624
8659,1626
8660,1607
8661,1582
8662,1541
8663,1588
8664,1620
8665,1639
8666,1649
8667,1649
8668,1631
8669,1664
8670,1626
8671,1663
8672,1680
8673,1721
8674,1684
8675,1660
8676,1655
8677,1648
8678,1622
8679,1579
8680,1562
8681,1546
8682,1531
8683,1541
8684,1518
8685,1510
8686,1504
8687,1460
8688,1508
8689,1469
8690,1438
8691,1469
8692,1482
8693,1483
8694,1498
8695,1520
8696,1502
8697,1524
8698,1544
8699,1548
8700,1524
8701,1526
8702,1502
8703,1526
8704,1508
8705,1460
8706,1478
8707,1458
8708,1456
8709,1438
8710,1452
8711,1451
8712,1420
8713,1382
8714,1362
8715,1357
8716,1359
8717,1347
8718,1336
8719,1318
8720,1274
8721,1283
8722,1318
8723,1322
8724,1370
8725,1418
8726,1373
8727,1376
8728,1382
8729,1376
8730,1390
8731,1399
8732,1418
8733,1439
8734,1486
8735,1449
8736,1444
8737,1494
8738,1507
8739,1533
8740,1552
8741,1551
8742,1591
8743,1616
8744,1568
8745,1608
8746,1629
8747,1639
8748,1597
8749,1598
8750,1584
8751,1619
8752,1624
8753,1592
8754,1578
8755,1592
8756,1578
8757,1543
8758,1493
8759,1512
8760,1482
8761,1486
8762,1467
8763,1450
8764,1493
8765,1443
8766,1478
8767,1459
8768,1478
8769,1457
8770,1410
8771,1454
8772,1437
8773,1481
8774,1507
8775,1510
8776,1471
8777,1484
8778,1440
8779,1480
8780,1438
8781,1397
8782,1366
8783,1362
8784,1366
8785,1391
8786,1407
8787,1416
8788,1422
8789,1459
8790,1443
8791,1456
8792,1497
8793,1453
8794,1430
8795,1419
8796,1393
8797,1432
8798,1448
8799,1448
8800,1480
8801,1515
8802,1484
8803,1469
8804,1469
8805,1497
8806,1532
8807,1529
8808,1558
8809,1572
8810,1532
8811,1498
8812,1490
8813,1534
8814,1494
8815,1511
8816,1462
8817,1460
8818,1458
8819,1507
8820,1530
8821,1553
8822,1597
8823,1598
8824,1558
8825,1539
8826,1491
8827,1444
8828,1430
8829,1418
8830,1432
8831,1382
8832,1334
8833,1334
8834,1359
8835,1345
8836,1328
8837,1370
8838,1370
8839,1398
8840,1403
8841,1406
8842,1421
8843,1398
8844,1358
8845,1364
8846,1410
8847,1432
8848,1389
8849,1429
8850,1453
8851,1495
8852,1464
8853,1471
8854,1518
8855,1477
8856,1503
8857,1455
8858,1503
8859,1543
8860,1534
8861,1553
8862,1599
8863,1648
8864,1693
8865,1704
8866,1752
8867,1734
8868,1705
8869,1727
8870,1719
8871,1762
8872,1737
8873,1784
8874,1809
8875,1793
8876,1836
8877,1849
8878,1844
8879,1844
8880,1882
8881,1926
8882,1878
8883,1883
8884,1884
8885,1931
8886,1925
8887,1931
8888,1901
8889,1877
8890,1909
8891,1921
8892,1933
8893,1902
8894,1941
8895,1894
8896,1867
8897,1829
8898,1839
8899,1805
8900,1813
8901,1799
8902,1843
8903,1873
8904,1909
8905,1874
8906,1860
8907,1907
8908,1902
8909,1877
8910,1920
8911,1883
8912,1838
8913,1819
8914,1811
8915,1769
8916,1792
8917,1791
8918,1757
8919,1743
8920,1755
8921,1791
8922,1761
8923,1768
8924,1755
8925,1782
8926,1738
8927,1709
8928,1677
8929,1665
8930,1621
8931,1640
8932,1647
8933,1647
8934,1665
8935,1701
8936,1701
8937,1703
8938,1671
8939,1714
8940,1667
8941,1687
8942,1650
8943,1695
8944,1741
8945,1742
8946,1751
8947,1718
8948,1683
8949,1645
8950,1695
8951,1672
8952,1715
8953,1694
8954,1652
8955,1657
8956,1701
8957,1678
8958,1656
8959,1690
8960,1706
8961,1722
8962,1772
8963,1754
8964,1735
8965,1713
8966,1690
8967,1655
8968,1690
8969,1646
8970,1645
8971,1659
8972,1617
8973,1653
8974,1690
8975,1644
8976,1595
8977,1615
8978,1607
8979,1643
8980,1641
8981,1624
8982,1667
8983,1635
8984,1608
8985,1607
8986,1626
8987,1583
8988,1555
8989,1509
8990,1540
8991,1562
8992,1521
8993,1536
8994,1556
8995,1538
8996,1532
8997,1579
8998,1592
8999,1551
9000,1585
9001,1581
9002,1583
9003,1578
9004,1531
9005,1502
9006,1542
9007,1532
9008,1568
9009,1549
9010,1539
9011,1567
9012,1576
9013,1614
9014,1645
9015,1613
9016,1627
9017,1661
9018,1665
9019,1645
9020,1631
9021,1668
9022,1662
9023,1627
9024,1666
9025,1668
9026,1627
9027,1636
9028,1684
9029,1734
9030,1780
9031,1755
9032,1749
9033,1775
9034,1807
9035,1834
9036,1817
9037,1834
9038,1793
9039,1821
9040,1813
9041,1804
9042,1831
9043,1846
9044,1866
9045,1853
9046,1824
9047,1824
9048,1839
9049,1802
9050,1828
9051,1831
9052,1849
9053,1838
9054,1809
9055,1855
9056,1831
9057,1787
9058,1768
9059,1774
9060,1797
9061,1748
9062,1749
9063,1753
9064,1759
9065,1797
9066,1790
9067,1820
9068,1799
9069,1812
9070,1854
9071,1875
9072,1905
9073,1936
9074,1973
9075,1956
9076,1958
9077,1934
9078,1913
9079,1945
9080,1928
9081,1927
9082,1942
9083,1919
9084,1873
9085,1914
9086,1953
9087,1992
9088,2010
9089,2040
9090,2011
9091,2026
9092,2057
9093,2048
9094,2083
9095,2074
9096,2073
9097,2040
9098,2037
9099,2087
9100,2039
9101,2040
9102,2053
9103,2015
9104,2051
9105,2065
9106,2052
9107,2077
9108,2087
9109,2120
9110,2083
9111,2041
9112,2076
9113,2039
9114,2061
9115,2104
9116,2121
9117,2083
9118,2121
9119,2104
9120,2077
9121,2038
9122,2035
9123,1995
9124,2028
9125,2021
9126,1975
9127,1927
9128,1914
9129,1926
9130,1881
9131,1931
9132,1957
9133,1934
9134,1972
9135,2014
9136,1987
9137,1944
9138,1983
9139,2031
9140,1986
9141,1971
9142,1985
9143,2022
9144,2029
9145,2007
9146,2028
9147,2076
9148,2087
9149,2053
9150,2087
9151,2134
9152,2164
9153,2157
9154,2202
9155,2168
9156,2188
9157,2182
9158,2189
9159,2177
9160,2174
9161,2212
9162,2170
9163,2183
9164,2229
9165,2223
9166,2186
9167,2149
9168,2150
9169,2114
9170,2069
9171,2106
9172,2081
9173,2069
9174,2062
9175,2046
9176,2038
9177,2015
9178,2040
9179,2031
9180,2038
9181,2014
9182,2002
9183,2009
9184,2051
9185,2041
9186,2089
9187,2095
9188,2048
9189,2083
9190,2068
9191,2022
9192,1998
9193,2018
9194,2039
9195,2011
9196,2028
9197,2027
9198,1998
9199,2024
9200,2026
9201,2052
9202,2084
9203,2121
9204,2085
9205,2074
9206,2054
9207,2079
9208,2056
9209,2105
9210,2120
9211,2080
9212,2049
9213,2037
9214,2077
9215,2093
9216,2101
9217,2108
9218,2113
9219,2063
9220,2112
9221,2150
9222,2120
9223,2124
9224,2149
9225,2174
9226,2199
9227,2181
9228,2177
9229,2201
9230,2181
9231,2169
9232,2200
9233,2191
9234,2211
9235,2241
9236,2218
9237,2232
9238,2236
9239,2284
9240,2305
9241,2306
9242,2319
9243,2348
9244,2318
9245,2280
9246,2308
9247,2311
9248,2335
9249,2304
9250,2306
9251,2298
9252,2298
9253,2256
9254,2225
9255,2193
9256,2169
9257,2125
9258,2170
9259,2153
9260,2165
9261,2187
9262,2138
9263,2158
9264,2130
9265,2090
9266,2131
9267,2162
9268,2181
9269,2215
9270,2227
9271,2205
9272,2217
9273,2254
9274,2301
9275,2328
9276,2370
9277,2382
9278,2362
9279,2395
9280,2380
9281,2381
9282,2339
9283,2335
9284,2352
9285,2344
9286,2297
9287,2259
9288,2236
9289,2283
9290,2263
9291,2247
9292,2257
9293,2226
9294,2231
9295,2208
9296,2194
9297,2189
9298,2230
9299,2207
9300,2167
9301,2143
9302,2126
9303,2096
9304,2049
9305,2016
9306,2032
9307,2078
9308,2033
9309,2072
9310,2103
9311,2132
9312,2163
9313,2211
9314,2176
9315,2160
9316,2142
9317,2134
9318,2100
9319,2055
9320,2103
9321,2134
9322,2151
9323,2141
9324,2127
9325,2157
9326,2158
9327,2153
9328,2200
9329,2247
9330,2263
9331,2225
9332,2265
9333,2315
9334,2273
9335,2228
9336,2201
9337,2151
9338,2183
9339,2192
9340,2237
9341,2269
9342,2228
9343,2269
9344,2228
9345,2240
9346,2270
9347,2226
9348,2190
9349,2180
9350,2196
9351,2177
9352,2177
9353,2198
9354,2231
9355,2188
9356,2162
9357,2114
9358,2122
9359,2168
9360,2161
9361,2167
9362,2165
9363,2124
9364,2093
9365,2047
9366,2084
9367,2127
9368,2097
9369,2054
9370,2067
9371,2054
9372,2014
9373,2026
9374,2030
9375,2080
9376,2066
9377,2021
9378,2042
9379,2077
9380,2046
9381,2004
9382,2032
9383,2008
9384,1992
9385,1946
9386,1927
9387,1894
9388,1916
9389,1906
9390,1887
9391,1867
9392,1855
9393,1864
9394,1844
9395,1836
9396,1852
9397,1875
9398,1857
9399,1905
9400,1896
9401,1942
9402,1948
9403,1914
9404,1897
9405,1935
9406,1905
9407,1885
9408,1899
9409,1927
9410,1899
9411,1949
9412,1905
9413,1934
9414,1914
9415,1920
9416,1896
9417,1916
9418,1897
9419,1910
9420,1898
9421,1919
9422,1884
9423,1925
9424,1878
9425,1883
9426,1924
9427,1938
9428,1895
9429,1914
9430,1884
9431,1880
9432,1879
9433,1846
9434,1848
9435,1845
9436,1858
9437,1901
9438,1941
9439,1986
9440,2033
9441,2080
9442,2075
9443,2125
9444,2091
9445,2091
9446,2049
9447,2077
9448,2064
9449,2021
9450,2049
9451,2017
9452,2037
9453,2081
9454,2068
9455,2054
9456,2081
9457,2106
9458,2111
9459,2078
9460,2038
9461,2011
9462,2017
9463,1971
9464,2015
9465,2052
9466,2031
9467,1983
9468,2018
9469,2026
9470,2005
9471,1957
9472,1939
9473,1986
9474,2003
9475,2025
9476,1992
9477,1943
9478,1948
9479,1965
9480,1919
9481,1965
9482,1977
9483,2024
9484,2070
9485,2061
9486,2093
9487,2058
9488,2022
9489,1999
9490,2006
9491,2033
9492,2038
9493,2061
9494,2088
9495,2084
9496,2097
9497,2120
9498,2160
9499,2130
9500,2148
9501,2137
9502,2143
9503,2112
9504,2110
9505,2093
9506,2111
9507,2137
9508,2087
9509,2040
9510,2074
9511,2055
9512,2038
9513,1995
9514,1991
9515,1982
9516,1996
9517,1981
9518,1970
9519,2012
9520,2037
9521,2031
9522,2013
9523,2013
9524,1997
9525,1961
9526,1975
9527,1971
9528,1960
9529,1945
9530,1941
9531,1923
9532,1906
9533,1933
9534,1931
9535,1895
9536,1883
9537,1835
9538,1811
9539,1836
9540,1830
9541,1851
9542,1899
9543,1859
9544,1840
9545,1791
9546,1801
9547,1846
9548,1836
9549,1875
9550,1877
9551,1834
9552,1795
9553,1789
9554,1832
9555,1804
9556,1815
9557,1834
9558,1820
9559,1841
9560,1889
9561,1922
9562,1902
9563,1920
9564,1927
9565,1931
9566,1958
9567,1952
9568,1912
9569,1902
9570,1925
9571,1958
9572,1908
9573,1936
9574,1948
9575,1968
9576,1948
9577,1908
9578,1886
9579,1910
9580,1867
9581,1824
9582,1842
9583,1890
9584,1862
9585,1878
9586,1873
9587,1846
9588,1876
9589,1905
9590,1903
9591,1926
9592,1932
9593,1981
9594,1946
9595,1922
9596,1874
9597,1855
9598,1854
9599,1818
9600,1841
9601,1828
9602,1779
9603,1769
9604,1748
9605,1724
9606,1679
9607,1668
9608,1679
9609,1650
9610,1619
9611,1572
9612,1531
9613,1492
9614,1480
9615,1444
9616,1398
9617,1444
9618,1478
9619,1503
9620,1485
9621,1460
9622,1503
9623,1545
9624,1591
9625,1594
9626,1569
9627,1523
9628,1547
9629,1551
9630,1577
9631,1551
9632,1541
9633,1552
9634,1522
9635,1534
9636,1533
9637,1546
9638,1594
9639,1627
9640,1581
9641,1616
9642,1625
9643,1664
9644,1665
9645,1661
9646,1636
9647,1682
9648,1676
9649,1717
9650,1755
9651,1763
9652,1748
9653,1795
9654,1761
9655,1728
9656,1769
9657,1815
9658,1767
9659,1776
9660,1818
9661,1866
9662,1896
9663,1850
9664,1803
9665,1772
9666,1746
9667,1783
9668,1826
9669,1812
9670,1818
9671,1858
9672,1810
9673,1836
9674,1853
9675,1897
9676,1867
9677,1894
9678,1894
9679,1881
9680,1833
9681,1831
9682,1829
9683,1792
9684,1792
9685,1759
9686,1730
9687,1697
9688,1656
9689,1701
9690,1736
9691,1773
9692,1818
9693,1846
9694,1888
9695,1934
9696,1979
9697,1993
9698,1977
9699,1968
9700,1918
9701,1942
9702,1964
9703,1948
9704,1973
9705,1950
9706,1913
9707,1889
9708,1878
9709,1883
9710,1918
9711,1931
9712,1906
9713,1930
9714,1952
9715,1929
9716,1913
9717,1879
9718,1907
9719,1906
9720,1920
9721,1941
9722,1955
9723,1917
9724,1921
9725,1879
9726,1850
9727,1821
9728,1846
9729,1874
9730,1833
9731,1853
9732,1804
9733,1828
9734,1861
9735,1898
9736,1935
9737,1968
9738,1920
9739,1894
9740,1876
9741,1888
9742,1900
9743,1948
9744,1976
9745,2011
9746,1991
9747,2013
9748,2062
9749,2111
9750,2086
9751,2073
9752,2104
9753,2121
9754,2151
9755,2123
9756,2141
9757,2125
9758,2158
9759,2137
9760,2187
9761,2151
9762,2117
9763,2151
9764,2166
9765,2155
9766,2109
9767,2072
9768,2090
9769,2108
9770,2084
9771,2134
9772,2146
9773,2103
9774,2084
9775,2112
9776,2081
9777,2042
9778,2067
9779,2112
9780,2129
9781,2128
9782,2156
9783,2125
9784,2104
9785,2113
9786,2090
9787,2071
9788,2093
9789,2111
9790,2062
9791,2015
9792,1981
9793,1980
9794,1942
9795,1894
9796,1896
9797,1862
9798,1819
9799,1862
9800,1898
9801,1936
9802,1895
9803,1910
9804,1869
9805,1880
9806,1930
9807,1959
9808,1988
9809,1956
9810,1906
9811,1913
9812,1957
9813,1920
9814,1895
9815,1872
9816,1920
9817,1935
9818,1946
9819,1910
9820,1909
9821,1929
9822,1891
9823,1906
9824,1951
9825,1930
9826,1968
9827,1937
9828,1898
9829,1931
9830,1900
9831,1924
9832,1970
9833,2010
9834,2039
9835,2058
9836,2045
9837,2011
9838,2030
9839,2030
9840,2057
9841,2027
9842,1982
9843,1971
9844,1989
9845,2029
9846,2050
9847,2084
9848,2134
9849,2148
9850,2152
9851,2179
9852,2223
9853,2237
9854,2217
9855,2186
9856,2202
9857,2173
9858,2213
9859,2198
9860,2151
9861,2119
9862,2147
9863,2168
9864,2134
9865,2121
9866,2075
9867,2079
9868,2073
9869,2050
9870,2085
9871,2133
9872,2177
9873,2186
9874,2210
9875,2220
9876,2206
9877,2166
9878,2121
9879,2099
9880,2076
9881,2104
9882,2143
9883,2107
9884,2150
9885,2126
9886,2135
9887,2177
9888,2216
9889,2210
9890,2162
9891,2112
9892,2114
9893,2135
9894,2175
9895,2172
9896,2209
9897,2162
9898,2208
9899,2220
9900,2200
9901,2172
9902,2164
9903,2135
9904,2158
9905,2172
9906,2124
9907,2150
9908,2184
9909,2158
9910,2121
9911,2142
9912,2128
9913,2099
9914,2105
9915,2133
9916,2094
9917,2092
9918,2093
9919,2135
9920,2103
9921,2125
9922,2151
9923,2113
9924,2069
9925,2068
9926,2062
9927,2092
9928,2129
9929,2142
9930,2155
9931,2145
9932,2148
9933,2138
9934,2172
9935,2210
9936,2171
9937,2181
9938,2169
9939,2139
9940,2090
9941,2040
9942,2026
9943,2036
9944,2029
9945,1984
9946,1974
9947,1955
9948,1984
9949,1953
9950,1922
9951,1898
9952,1907
9953,1941
9954,1943
9955,1932
9956,1923
9957,1940
9958,1986
9959,1971
9960,1922
9961,1887
9962,1915
9963,1935
9964,1960
9965,2008
9966,1997
9967,2003
9968,2007
9969,2018
9970,2053
9971,2087
9972,2057
9973,2019
9974,2047
9975,2074
9976,2025
9977,2014
9978,1966
9979,2001
9980,1959
9981,2009
9982,2014
9983,2011
9984,2047
9985,2048
9986,2014
9987,2022
9988,1993
9989,2019
9990,2042
9991,1993
9992,2006
9993,2019
9994,2065
9995,2070
9996,2085
9997,2037
9998,2055
9999,2057
10000,2064